v1,v2,v3,v4,v5,v6,v7,v8,v9,v10
0.266061,0.295200,0.247647,0.286357,0.379875,0.284070,0.305306,0.300962,0.295790,0.303556
0.315199,0.271829,0.312711,0.312346,0.266508,0.254350,0.281641,0.240649,0.270644,0.235746
0.297271,0.285789,0.320527,0.270711,0.277678,0.350357,0.271717,0.419939,0.307200,0.339704
0.315038,0.360229,0.315084,0.337775,0.328300,0.273683,0.362460,0.287710,0.263588,0.287818
0.349132,0.313361,0.316332,0.293532,0.221096,0.321455,0.280740,0.269113,0.298600,0.329682
0.285255,0.288920,0.240807,0.233610,0.318956,0.285021,0.304438,0.307041,0.295817,0.279701
0.284964,0.281807,0.355569,0.244240,0.326960,0.315987,0.327111,0.322434,0.235462,0.318078
0.318173,0.349789,0.296893,0.399110,0.303648,0.303113,0.240667,0.383031,0.316405,0.289313
0.238451,0.308872,0.256023,0.301323,0.280793,0.316602,0.333423,0.336390,0.301741,0.267331
0.269805,0.257161,0.289464,0.267413,0.296097,0.241177,0.314681,0.243540,0.311147,0.308904
0.292218,0.301233,0.264936,0.290562,0.343789,0.328010,0.236734,0.381104,0.291354,0.275242
0.318146,0.312596,0.303761,0.252253,0.328790,0.295122,0.294044,0.246375,0.365393,0.363155
0.250984,0.196177,0.269205,0.336428,0.248173,0.251490,0.357011,0.310726,0.385101,0.293812
0.272312,0.315031,0.245675,0.284235,0.241032,0.292549,0.263869,0.332338,0.334864,0.318914
0.325481,0.328370,0.314137,0.259389,0.332991,0.314197,0.258647,0.308832,0.295425,0.249914
0.283247,0.260882,0.274138,0.342976,0.276473,0.259852,0.275069,0.305784,0.296567,0.343335
0.302063,0.240261,0.333915,0.238590,0.250276,0.351863,0.352323,0.282691,0.232590,0.366608
0.306340,0.303471,0.246638,0.301493,0.361595,0.306347,0.250661,0.268633,0.383967,0.297912
0.285004,0.306396,0.302378,0.224509,0.258732,0.294814,0.328408,0.280102,0.267240,0.334498
0.270146,0.326912,0.265830,0.247138,0.369189,0.249635,0.267459,0.319231,0.284269,0.309216
0.334416,0.286428,0.240103,0.250871,0.357279,0.245647,0.291947,0.345665,0.345955,0.325372
0.378816,0.328851,0.339416,0.325446,0.303680,0.294796,0.295311,0.311299,0.374293,0.343792
0.265490,0.346339,0.272588,0.317171,0.311153,0.295839,0.337297,0.294563,0.317308,0.310354
0.266699,0.314145,0.257042,0.297155,0.328891,0.268614,0.273868,0.361692,0.352320,0.326801
0.287321,0.259162,0.309744,0.333381,0.264847,0.309634,0.325480,0.201162,0.309436,0.212042
0.306055,0.300866,0.270382,0.364801,0.284977,0.318645,0.337793,0.218985,0.214736,0.306393
0.282840,0.325970,0.341868,0.252922,0.342703,0.323413,0.315318,0.305974,0.387186,0.312793
0.260262,0.318759,0.234529,0.253917,0.315593,0.272989,0.287118,0.283017,0.255089,0.296835
0.297291,0.333892,0.247490,0.300168,0.294677,0.280699,0.329009,0.279164,0.257667,0.313091
0.300608,0.307014,0.281159,0.277108,0.316151,0.366222,0.272439,0.293873,0.301729,0.306850
0.312591,0.366314,0.337341,0.261164,0.301533,0.253690,0.263293,0.308910,0.313991,0.201511
0.269588,0.260034,0.358703,0.311103,0.338246,0.282311,0.363821,0.331003,0.253552,0.308885
0.249948,0.281365,0.295366,0.356879,0.304996,0.326125,0.328306,0.300139,0.290620,0.268568
0.281189,0.335514,0.273245,0.235576,0.375229,0.307591,0.350581,0.283125,0.275810,0.308252
0.312655,0.373792,0.319317,0.325272,0.343511,0.356867,0.288760,0.315781,0.259948,0.313477
0.251883,0.281260,0.302668,0.350305,0.309662,0.383889,0.313334,0.360431,0.332749,0.299571
0.317667,0.336107,0.358871,0.337207,0.370623,0.402449,0.302791,0.318457,0.282397,0.339796
0.265802,0.301685,0.341731,0.227684,0.345034,0.307488,0.294365,0.345595,0.339770,0.239755
0.258477,0.351320,0.279975,0.280754,0.274674,0.306823,0.337602,0.317842,0.320085,0.342501
0.265580,0.262547,0.277650,0.240401,0.303807,0.283787,0.174513,0.298641,0.336884,0.203623
0.300099,0.302082,0.275539,0.266924,0.321340,0.318003,0.313254,0.321991,0.271571,0.347068
0.329528,0.262530,0.290393,0.284699,0.342925,0.258186,0.193589,0.343131,0.364256,0.326372
0.255073,0.266709,0.281119,0.362911,0.314347,0.293851,0.302723,0.264267,0.303793,0.311343
0.323652,0.332684,0.258253,0.270755,0.300145,0.296602,0.274813,0.343730,0.348712,0.328948
0.247457,0.354180,0.355930,0.262257,0.291694,0.321914,0.336584,0.260928,0.273554,0.305396
0.279680,0.298513,0.317311,0.340015,0.312623,0.184547,0.332389,0.303129,0.272163,0.232812
0.231636,0.236737,0.293397,0.264960,0.372784,0.244332,0.293181,0.372762,0.298270,0.263882
0.400246,0.336577,0.313675,0.316958,0.364522,0.246900,0.257516,0.288591,0.320633,0.277913
0.328807,0.269187,0.274100,0.342183,0.361001,0.310123,0.314293,0.269944,0.276493,0.297043
0.288812,0.243918,0.256764,0.255271,0.317573,0.263220,0.359169,0.259225,0.363142,0.306662
0.382960,0.301935,0.360106,0.254626,0.322996,0.302667,0.367136,0.329639,0.300392,0.329567
0.307222,0.301451,0.311191,0.336296,0.325937,0.235779,0.383715,0.309433,0.275495,0.332584
0.272960,0.294000,0.333213,0.268892,0.368537,0.288453,0.306658,0.357917,0.344235,0.171890
0.275110,0.269280,0.308656,0.308066,0.330269,0.360395,0.270705,0.338422,0.270279,0.207221
0.309689,0.296957,0.212958,0.271054,0.218227,0.228185,0.353573,0.316679,0.275526,0.299121
0.356129,0.249594,0.349398,0.233823,0.231991,0.340563,0.330439,0.291836,0.342445,0.285909
0.345123,0.279624,0.251497,0.299391,0.204806,0.254583,0.282736,0.334728,0.309335,0.310506
0.281871,0.328971,0.282786,0.326803,0.323290,0.285183,0.241302,0.362743,0.253874,0.345417
0.288898,0.256411,0.277986,0.351559,0.304811,0.233074,0.238991,0.344185,0.261105,0.286943
0.222839,0.303209,0.279785,0.185456,0.301787,0.283361,0.352149,0.278509,0.265072,0.314044
0.276202,0.271761,0.277632,0.229633,0.311827,0.276287,0.312764,0.223904,0.314294,0.312422
0.267592,0.289988,0.240680,0.290132,0.244654,0.328175,0.248467,0.330477,0.311189,0.301611
0.243892,0.303196,0.267442,0.283163,0.324113,0.358515,0.316773,0.267959,0.374935,0.367131
0.341643,0.354795,0.314921,0.284455,0.288799,0.300962,0.310497,0.303141,0.260957,0.278436
0.293032,0.172255,0.342225,0.310458,0.333182,0.326570,0.325183,0.359063,0.276766,0.286911
0.323983,0.310499,0.320227,0.388913,0.311795,0.316755,0.321203,0.279052,0.332976,0.275514
0.310536,0.283385,0.254010,0.196700,0.362685,0.318221,0.286494,0.273311,0.338275,0.356284
0.258353,0.242661,0.205163,0.308829,0.229278,0.274826,0.313964,0.290965,0.336871,0.324030
0.207735,0.278678,0.220871,0.369251,0.318897,0.340631,0.424629,0.276295,0.323862,0.325736
0.288639,0.327484,0.289740,0.272556,0.303976,0.374055,0.302969,0.245938,0.227372,0.328596
0.313978,0.285209,0.302558,0.343948,0.337469,0.281726,0.276223,0.263576,0.322092,0.348387
0.294793,0.330522,0.239211,0.310444,0.202536,0.391151,0.287313,0.307276,0.265619,0.293801
0.302780,0.287337,0.300473,0.294996,0.348097,0.265657,0.370833,0.297536,0.329281,0.259269
0.255907,0.310820,0.358856,0.331632,0.305861,0.235030,0.293903,0.256209,0.400358,0.327829
0.271925,0.330364,0.355136,0.346295,0.331354,0.316754,0.300573,0.215229,0.271619,0.295448
0.346296,0.294727,0.344422,0.324741,0.187326,0.312268,0.318510,0.272900,0.265774,0.308139
0.279407,0.278152,0.321663,0.227349,0.357527,0.294947,0.318866,0.216689,0.272240,0.322977
0.276659,0.306432,0.353026,0.233265,0.313262,0.332946,0.249393,0.290299,0.280686,0.321188
0.275281,0.281507,0.322226,0.289919,0.320627,0.350823,0.315477,0.357443,0.287941,0.276890
0.288904,0.329943,0.266611,0.261822,0.351349,0.313027,0.303751,0.331465,0.283183,0.282243
0.354271,0.329560,0.307734,0.366728,0.374805,0.397044,0.312290,0.431929,0.239713,0.281839
0.262156,0.351579,0.280067,0.273737,0.253097,0.292301,0.292363,0.281382,0.394787,0.348130
0.310473,0.220117,0.293690,0.271594,0.218116,0.275117,0.385656,0.172882,0.359376,0.309430
0.291553,0.227696,0.314312,0.308214,0.295381,0.288119,0.297895,0.319704,0.295796,0.224506
0.273248,0.346281,0.320331,0.255300,0.329841,0.270084,0.318092,0.314260,0.275056,0.263790
0.223606,0.324758,0.261147,0.372524,0.318207,0.345524,0.288431,0.272487,0.322319,0.307131
0.320352,0.291349,0.266586,0.306069,0.219778,0.277328,0.337133,0.281965,0.296939,0.279632
0.204430,0.317452,0.277380,0.210495,0.293110,0.293116,0.337768,0.264167,0.307143,0.243154
0.281275,0.321006,0.306474,0.231560,0.313334,0.351517,0.264518,0.316758,0.385271,0.333511
0.263351,0.281328,0.221305,0.270645,0.271998,0.264819,0.280117,0.335542,0.272973,0.236459
0.210257,0.313806,0.354050,0.273398,0.328460,0.257067,0.309229,0.277747,0.362175,0.301767
0.251703,0.304136,0.229623,0.218617,0.316099,0.247674,0.300060,0.365059,0.271154,0.306748
0.273069,0.340953,0.290188,0.280555,0.277319,0.302789,0.298995,0.286076,0.346642,0.273878
0.251729,0.271192,0.292413,0.330870,0.293472,0.315533,0.301424,0.284378,0.284666,0.369975
0.321850,0.285042,0.351977,0.329253,0.268087,0.289212,0.373735,0.236143,0.315189,0.367426
0.297709,0.268820,0.275650,0.304003,0.268027,0.303933,0.285520,0.325985,0.236288,0.258054
0.364162,0.307566,0.325500,0.288123,0.226181,0.292552,0.345483,0.388107,0.342015,0.297415
0.319481,0.322555,0.378261,0.259657,0.237072,0.315168,0.292481,0.254303,0.325372,0.345170
0.292263,0.282298,0.322918,0.221561,0.340545,0.332948,0.292355,0.321903,0.287520,0.249595
0.302758,0.302914,0.375923,0.236559,0.351981,0.233941,0.363081,0.278585,0.293866,0.339007
0.300829,0.283827,0.380697,0.317361,0.294863,0.311256,0.324266,0.283432,0.296209,0.380916
0.291349,0.351619,0.241023,0.273052,0.359490,0.321207,0.319301,0.317533,0.352264,0.310391
0.371961,0.348712,0.297018,0.226542,0.358579,0.300219,0.268265,0.249686,0.267713,0.260613
0.368709,0.293099,0.352275,0.194843,0.258066,0.274171,0.221389,0.246338,0.277696,0.308311
0.225704,0.269213,0.319225,0.363843,0.278438,0.323995,0.293370,0.336397,0.233266,0.342777
0.320205,0.397603,0.270349,0.336340,0.273001,0.270496,0.264350,0.330461,0.325795,0.266814
0.345348,0.196413,0.295233,0.303992,0.217766,0.247563,0.253132,0.276298,0.265778,0.301360
0.306108,0.276932,0.276249,0.266115,0.315588,0.275286,0.328533,0.314196,0.275111,0.323764
0.343943,0.306371,0.329233,0.329483,0.281292,0.396152,0.345938,0.332497,0.253172,0.269238
0.301356,0.289225,0.336240,0.337908,0.335365,0.306177,0.278281,0.336944,0.341577,0.359799
0.362099,0.346950,0.300008,0.293578,0.275683,0.328344,0.266585,0.323572,0.324009,0.360100
0.304875,0.295451,0.277731,0.330944,0.364173,0.265322,0.258723,0.319854,0.253051,0.298586
0.292319,0.318186,0.245114,0.426604,0.321943,0.310936,0.326076,0.283686,0.285968,0.295262
0.322969,0.309398,0.275157,0.319663,0.273363,0.352790,0.297066,0.333495,0.272900,0.352325
0.292830,0.270101,0.344012,0.262930,0.321290,0.245826,0.233641,0.273021,0.366389,0.336945
0.305422,0.310925,0.246179,0.273557,0.234939,0.305080,0.329592,0.306134,0.302716,0.336932
0.312027,0.289931,0.279937,0.351908,0.305861,0.264206,0.316580,0.294923,0.312445,0.373873
0.324550,0.305903,0.269146,0.264016,0.231649,0.331396,0.307514,0.342206,0.290462,0.363934
0.318441,0.289670,0.335180,0.262095,0.271295,0.327336,0.300620,0.315177,0.277667,0.305654
0.268762,0.346320,0.294668,0.404185,0.330321,0.355828,0.339098,0.344118,0.269712,0.346788
0.286718,0.297087,0.253536,0.230235,0.318985,0.228215,0.328240,0.362579,0.357267,0.285104
0.300181,0.328142,0.294449,0.335844,0.243447,0.322611,0.321119,0.259446,0.301919,0.265092
0.308211,0.314129,0.295403,0.288407,0.306285,0.359995,0.340892,0.305263,0.286144,0.317379
0.293312,0.374291,0.315172,0.263175,0.292832,0.200248,0.253550,0.253360,0.339298,0.254223
0.302740,0.332705,0.321312,0.260578,0.391664,0.346582,0.256981,0.293227,0.235558,0.343057
0.321746,0.255433,0.296560,0.259988,0.266025,0.262495,0.307080,0.297877,0.266338,0.302410
0.318514,0.334654,0.335644,0.375258,0.260984,0.289937,0.291311,0.257225,0.356137,0.268714
0.330145,0.240316,0.345353,0.225425,0.294475,0.307558,0.260260,0.296136,0.295136,0.284096
0.256440,0.356171,0.215119,0.318558,0.256243,0.261245,0.262138,0.268432,0.310844,0.365218
0.253640,0.333880,0.325831,0.281927,0.294659,0.379631,0.281301,0.314696,0.314829,0.323365
0.272587,0.230091,0.277592,0.307614,0.285806,0.299435,0.232734,0.376726,0.306689,0.290185
0.416372,0.332764,0.295627,0.340588,0.304093,0.326948,0.314425,0.280966,0.338380,0.262437
0.297254,0.278309,0.270207,0.213502,0.212399,0.301935,0.301001,0.346708,0.225916,0.293789
0.335327,0.321056,0.243359,0.318248,0.249396,0.344676,0.306530,0.273692,0.313500,0.347185
0.280775,0.244010,0.330144,0.331943,0.235765,0.383911,0.241065,0.269237,0.237868,0.258377
0.312098,0.364483,0.227345,0.225748,0.283883,0.316590,0.257843,0.332828,0.279545,0.356273
0.376167,0.300146,0.281264,0.271552,0.350564,0.313465,0.256323,0.381165,0.298205,0.321242
0.347986,0.353970,0.274388,0.305740,0.282375,0.305301,0.242040,0.270207,0.270577,0.255401
0.369132,0.258684,0.330011,0.297051,0.334353,0.389042,0.281089,0.335440,0.335395,0.237352
0.328347,0.294499,0.326427,0.339894,0.205657,0.331198,0.273367,0.305109,0.282562,0.391805
0.396039,0.293227,0.337243,0.286198,0.316371,0.302278,0.294318,0.225715,0.290980,0.295861
0.273019,0.304348,0.317449,0.231933,0.304785,0.284846,0.274346,0.341506,0.328733,0.369620
0.308645,0.307200,0.278360,0.259958,0.310839,0.294142,0.343535,0.262248,0.280945,0.313525
0.324820,0.263531,0.308300,0.292185,0.332948,0.240597,0.399781,0.329808,0.278145,0.242576
0.296856,0.328525,0.247676,0.247439,0.363126,0.210192,0.284508,0.326239,0.361134,0.271565
0.325041,0.185317,0.334676,0.309089,0.310051,0.245757,0.262782,0.280308,0.302618,0.356095
0.334576,0.303349,0.249750,0.311057,0.301227,0.341309,0.291582,0.258334,0.325682,0.289097
0.322152,0.237920,0.324042,0.262252,0.289537,0.236379,0.307918,0.267731,0.341387,0.248843
0.313933,0.234171,0.284409,0.303741,0.318753,0.287619,0.326200,0.287695,0.336722,0.291973
0.331789,0.329370,0.325436,0.267700,0.304294,0.264857,0.367240,0.315459,0.306689,0.299573
0.395925,0.278924,0.312764,0.320074,0.296460,0.335135,0.306903,0.229102,0.253952,0.248927
0.273191,0.222795,0.285061,0.334378,0.294451,0.307237,0.261168,0.285399,0.325127,0.265729
0.250687,0.365765,0.351549,0.316970,0.368084,0.235862,0.354959,0.341128,0.319375,0.299553
0.352266,0.271673,0.309579,0.306262,0.296578,0.270086,0.327910,0.335504,0.289251,0.343349
0.304160,0.334729,0.348767,0.315250,0.316415,0.383232,0.278673,0.248029,0.321323,0.282997
0.315546,0.320578,0.321860,0.356286,0.287140,0.314655,0.295999,0.304335,0.243988,0.262887
0.359399,0.337666,0.328160,0.313740,0.323984,0.305453,0.215892,0.311803,0.263666,0.222835
0.346565,0.399533,0.309396,0.296687,0.331027,0.326101,0.328178,0.333619,0.298327,0.323004
0.376294,0.173718,0.246907,0.271888,0.308862,0.279007,0.274103,0.299980,0.258564,0.348023
0.357025,0.212115,0.300933,0.304634,0.228231,0.285501,0.273031,0.319390,0.357555,0.307533
0.301970,0.226830,0.295853,0.325641,0.250258,0.287433,0.316763,0.297672,0.310251,0.362367
0.305768,0.229389,0.336152,0.358259,0.337300,0.343855,0.238825,0.287406,0.306316,0.329037
0.279546,0.246477,0.262788,0.199737,0.322417,0.276450,0.358624,0.322486,0.212462,0.302895
0.289908,0.290712,0.266660,0.247815,0.362672,0.287594,0.306461,0.237694,0.305123,0.329312
0.328433,0.286674,0.252527,0.285465,0.210074,0.229314,0.286453,0.299843,0.309682,0.244100
0.293334,0.328518,0.364677,0.326969,0.342816,0.288247,0.235066,0.266386,0.245415,0.280344
0.370436,0.307247,0.253635,0.326572,0.303453,0.324281,0.238898,0.295715,0.363781,0.333355
0.318568,0.304614,0.332467,0.279152,0.333238,0.283886,0.247089,0.328651,0.264422,0.280649
0.254926,0.306856,0.217847,0.355707,0.339621,0.246455,0.270784,0.346874,0.250879,0.331492
0.300232,0.321555,0.380545,0.262700,0.275664,0.280800,0.327080,0.298682,0.298218,0.380435
0.288774,0.364817,0.324240,0.248978,0.287479,0.289610,0.375253,0.316514,0.346441,0.266363
0.298565,0.353293,0.263676,0.290154,0.327333,0.330392,0.310894,0.236440,0.302924,0.350312
0.373403,0.232911,0.344696,0.325223,0.335589,0.315585,0.321528,0.301594,0.238690,0.307265
0.274778,0.365718,0.287713,0.394255,0.335815,0.337911,0.275434,0.361279,0.342731,0.294611
0.216841,0.340204,0.333194,0.284348,0.327283,0.319973,0.309691,0.283775,0.309719,0.263486
0.210804,0.329088,0.233126,0.317215,0.275219,0.295446,0.293217,0.242100,0.303467,0.253022
0.309337,0.266022,0.254406,0.305735,0.283189,0.257728,0.329817,0.287176,0.330798,0.292615
0.299316,0.306727,0.317246,0.323089,0.248767,0.293596,0.304266,0.359651,0.303777,0.298387
0.312578,0.240710,0.272032,0.277830,0.282958,0.312260,0.281287,0.273021,0.275092,0.207709
0.363112,0.283237,0.329878,0.337756,0.300574,0.335457,0.311329,0.315781,0.320953,0.298687
0.302266,0.297028,0.317168,0.248376,0.315920,0.338438,0.300902,0.252149,0.314381,0.309943
0.378776,0.290698,0.219108,0.308917,0.366402,0.339555,0.266512,0.306315,0.412769,0.246700
0.231361,0.305930,0.308906,0.299596,0.276302,0.330874,0.275680,0.310678,0.248844,0.286786
0.332748,0.300072,0.332888,0.283816,0.324090,0.296021,0.303607,0.303788,0.309769,0.321038
0.317746,0.317460,0.312622,0.270562,0.291100,0.224524,0.281144,0.303746,0.328914,0.259612
0.314964,0.377661,0.252728,0.280104,0.313008,0.323352,0.371647,0.267433,0.308931,0.364989
0.309444,0.299235,0.292002,0.275244,0.302487,0.340580,0.247452,0.353746,0.250145,0.258599
0.225953,0.286403,0.370319,0.347461,0.353064,0.377209,0.297298,0.295803,0.212980,0.290847
0.283101,0.260866,0.306473,0.255431,0.363637,0.235766,0.265553,0.264195,0.368565,0.306498
0.290616,0.338133,0.268475,0.257791,0.270545,0.297927,0.338528,0.367300,0.261615,0.303985
0.259632,0.390744,0.242258,0.287085,0.266820,0.320073,0.370254,0.262358,0.275647,0.392833
0.381396,0.313987,0.370235,0.269734,0.291073,0.367165,0.233337,0.234986,0.270676,0.344205
0.309823,0.300975,0.337514,0.327387,0.303535,0.324444,0.354251,0.295917,0.307173,0.291411
0.246944,0.373347,0.297271,0.282600,0.336653,0.333303,0.295989,0.299680,0.336904,0.304302
0.329426,0.358528,0.243946,0.304768,0.246917,0.323023,0.306009,0.247202,0.322507,0.359588
0.309267,0.303042,0.276244,0.255569,0.296118,0.309734,0.333795,0.299603,0.303524,0.281011
0.323174,0.297288,0.398052,0.282177,0.315259,0.339672,0.343330,0.314645,0.335808,0.364009
0.315270,0.305414,0.213317,0.341747,0.301333,0.292469,0.322354,0.241437,0.356017,0.320446
0.340479,0.267279,0.321250,0.261907,0.313011,0.294566,0.325715,0.310203,0.348848,0.272787
0.322162,0.276352,0.367860,0.258488,0.246948,0.257954,0.299955,0.331682,0.420039,0.317783
0.234433,0.384659,0.283586,0.263295,0.283096,0.310074,0.311642,0.267182,0.224896,0.262473
0.258703,0.280377,0.178638,0.323167,0.194112,0.314706,0.355251,0.278281,0.285054,0.293160
0.345173,0.275163,0.237046,0.320019,0.280966,0.221111,0.345158,0.312280,0.318993,0.292516
0.219265,0.339598,0.266055,0.294992,0.340860,0.295697,0.265457,0.264695,0.315329,0.316798
0.372073,0.292643,0.288339,0.338249,0.267029,0.249216,0.382340,0.243647,0.313735,0.325018
0.218236,0.335778,0.265140,0.299277,0.291767,0.289492,0.305788,0.254215,0.285457,0.319399
0.297383,0.291921,0.273623,0.295481,0.279894,0.338589,0.355656,0.343796,0.286249,0.264691
0.240442,0.278759,0.348918,0.342332,0.334614,0.287573,0.302719,0.248315,0.225787,0.310779
0.383429,0.262171,0.255937,0.343286,0.268222,0.360903,0.306318,0.316010,0.237779,0.270100
0.291476,0.285248,0.380737,0.380927,0.289302,0.269148,0.269760,0.353019,0.312440,0.236746
0.320447,0.328222,0.243917,0.351168,0.325443,0.257205,0.272604,0.243812,0.339977,0.272150
0.301229,0.291243,0.292585,0.279948,0.281631,0.217047,0.237344,0.272029,0.336731,0.336837
0.345836,0.280308,0.298807,0.326005,0.277761,0.281626,0.263633,0.282492,0.320946,0.317778
0.236209,0.224857,0.241588,0.294283,0.311192,0.227884,0.294084,0.338740,0.390459,0.210150
0.263403,0.294054,0.281461,0.350575,0.251052,0.184991,0.295007,0.327916,0.335450,0.267229
0.336662,0.314652,0.254588,0.292493,0.396944,0.271233,0.316496,0.352212,0.296141,0.299968
0.339125,0.284868,0.281283,0.291574,0.382745,0.308061,0.296020,0.282999,0.280544,0.208552
0.311144,0.340292,0.245654,0.282000,0.299588,0.287618,0.317083,0.318937,0.263465,0.325089
0.311373,0.263022,0.344430,0.232748,0.282508,0.321796,0.242475,0.264607,0.292811,0.305411
0.364456,0.288849,0.328884,0.293195,0.314113,0.327137,0.305629,0.321498,0.269221,0.259607
0.263629,0.304069,0.257133,0.235479,0.402688,0.301481,0.287569,0.316010,0.307209,0.309343
0.302015,0.253513,0.323745,0.295972,0.211664,0.250500,0.296892,0.285007,0.270291,0.272232
0.396059,0.339268,0.326973,0.324824,0.275566,0.360433,0.230287,0.327314,0.293704,0.268073
0.337345,0.220168,0.262984,0.327625,0.298803,0.306544,0.293625,0.246300,0.269991,0.329585
0.265891,0.341855,0.277616,0.301627,0.228993,0.324647,0.267548,0.303921,0.287749,0.333077
0.263291,0.255704,0.341517,0.313808,0.325711,0.322448,0.230238,0.290381,0.286490,0.360356
0.245158,0.300221,0.328508,0.337240,0.230540,0.304223,0.333550,0.308620,0.303429,0.239328
0.288736,0.309450,0.308618,0.308622,0.411631,0.262852,0.279716,0.331109,0.315698,0.329697
0.288288,0.287035,0.305292,0.244818,0.322755,0.259148,0.339022,0.369564,0.228418,0.279189
0.265905,0.281409,0.262381,0.292303,0.269565,0.346455,0.310252,0.294001,0.281210,0.316831
0.255278,0.279748,0.356248,0.287391,0.351382,0.306404,0.277694,0.264770,0.308256,0.374178
0.328450,0.288187,0.351663,0.279613,0.278033,0.321999,0.339652,0.270372,0.256271,0.371025
0.223552,0.291193,0.258269,0.340896,0.335353,0.376900,0.223972,0.277297,0.320438,0.257671
0.309351,0.221609,0.255177,0.284299,0.300139,0.323286,0.373567,0.253095,0.296409,0.247231
0.362196,0.323754,0.359297,0.297044,0.316784,0.346351,0.350298,0.329907,0.372480,0.269034
0.257283,0.337683,0.313040,0.305766,0.282829,0.261788,0.354451,0.288028,0.296226,0.337760
0.323952,0.286775,0.290969,0.266585,0.301870,0.340838,0.296414,0.316841,0.256106,0.293108
0.275217,0.301715,0.304911,0.303350,0.420547,0.310757,0.253871,0.268557,0.317171,0.312233
0.299560,0.253173,0.283414,0.310292,0.322331,0.244101,0.223356,0.334415,0.304704,0.287146
0.265117,0.307946,0.305061,0.344424,0.305417,0.381356,0.392399,0.328787,0.342279,0.360243
0.321737,0.294585,0.299766,0.282193,0.335310,0.368619,0.262983,0.283462,0.286802,0.216658
0.297330,0.287801,0.283125,0.227277,0.322722,0.326933,0.234747,0.296367,0.322729,0.287238
0.385079,0.282792,0.313985,0.365315,0.327109,0.309875,0.313274,0.277122,0.258597,0.277554
0.283098,0.298928,0.271271,0.264754,0.264341,0.308593,0.266272,0.362593,0.312306,0.329810
0.260935,0.346052,0.304900,0.284038,0.225936,0.301192,0.316230,0.286628,0.316624,0.298806
0.318301,0.239715,0.274790,0.306117,0.294228,0.253040,0.326712,0.275687,0.331201,0.287421
0.248993,0.269496,0.290098,0.256372,0.361250,0.304186,0.320248,0.295201,0.319848,0.304459
0.351136,0.352469,0.336205,0.267741,0.326502,0.315255,0.264554,0.338128,0.390293,0.313848
0.350119,0.295333,0.343154,0.336847,0.334513,0.374673,0.310839,0.307586,0.361631,0.380355
0.257919,0.296017,0.274701,0.324502,0.325661,0.285296,0.267526,0.259327,0.306650,0.297199
0.329105,0.321692,0.294116,0.309342,0.283058,0.229080,0.341011,0.305998,0.285105,0.267866
0.223413,0.399034,0.281806,0.335000,0.247617,0.317683,0.308213,0.226989,0.231838,0.237640
0.336532,0.223583,0.342943,0.385585,0.340628,0.253450,0.292756,0.355800,0.294809,0.377423
0.377087,0.391750,0.289417,0.318143,0.288089,0.300023,0.329869,0.318540,0.239450,0.332980
0.296748,0.283889,0.294779,0.345260,0.328034,0.263914,0.352002,0.277569,0.352994,0.364530
0.238807,0.308954,0.324512,0.286855,0.301267,0.273572,0.244326,0.261068,0.305363,0.264848
0.336785,0.351262,0.298918,0.297134,0.294297,0.317412,0.274183,0.336301,0.279744,0.307840
0.306244,0.267079,0.258246,0.298970,0.345822,0.308498,0.265710,0.257349,0.288804,0.303503
0.254257,0.303117,0.320835,0.327734,0.238640,0.381834,0.247047,0.304302,0.302772,0.304690
0.293211,0.308859,0.300194,0.246301,0.266470,0.312389,0.304478,0.291715,0.292940,0.346869
0.272225,0.301552,0.239589,0.297794,0.224308,0.298417,0.264688,0.193964,0.321460,0.180468
0.292327,0.301921,0.259762,0.328153,0.271214,0.319235,0.301489,0.271931,0.318155,0.399019
0.243651,0.277301,0.334416,0.273964,0.379332,0.302572,0.265359,0.205507,0.321517,0.222770
0.305010,0.402473,0.282982,0.311580,0.334183,0.323337,0.179994,0.255470,0.291491,0.281776
0.288093,0.277679,0.281960,0.300401,0.343770,0.297528,0.290433,0.280367,0.302138,0.284573
0.294096,0.353611,0.303836,0.348953,0.250244,0.330644,0.339067,0.289049,0.276157,0.325248
0.307332,0.306282,0.325339,0.342571,0.266093,0.372934,0.274014,0.208951,0.329785,0.194953
0.319413,0.238061,0.401594,0.328688,0.275525,0.250773,0.250749,0.333386,0.210812,0.328246
0.258629,0.283172,0.200031,0.337770,0.325459,0.294942,0.342590,0.261039,0.278579,0.273560
0.326938,0.254603,0.352601,0.281262,0.294635,0.294613,0.296018,0.305966,0.273946,0.327925
0.304305,0.247137,0.317852,0.337177,0.303277,0.260305,0.237078,0.336714,0.381522,0.333740
0.324885,0.258962,0.312979,0.264883,0.329834,0.378596,0.340910,0.328751,0.431558,0.298684
0.313592,0.330949,0.307776,0.342728,0.354784,0.271532,0.354464,0.296888,0.252064,0.352920
0.335720,0.298317,0.254825,0.311060,0.261721,0.193474,0.313290,0.314590,0.215829,0.306641
0.280746,0.287550,0.349836,0.255156,0.286986,0.312066,0.348314,0.344855,0.332183,0.262925
0.287486,0.377204,0.329701,0.394170,0.234321,0.269327,0.230821,0.279962,0.291718,0.330727
0.312330,0.255495,0.271550,0.231482,0.248559,0.300221,0.314556,0.295540,0.394460,0.327554
0.407031,0.354566,0.258839,0.331717,0.265925,0.297118,0.223117,0.322909,0.252554,0.282802
0.340164,0.313654,0.260765,0.257652,0.258365,0.351187,0.284220,0.304575,0.322466,0.323087
0.207710,0.266215,0.286239,0.313996,0.332356,0.288075,0.224015,0.328016,0.299337,0.313183
0.290820,0.271957,0.282333,0.324557,0.287316,0.242542,0.252222,0.366461,0.295604,0.360153
0.325070,0.241954,0.355948,0.328081,0.266633,0.319088,0.344041,0.318735,0.285143,0.356172
0.277869,0.310654,0.293799,0.312200,0.306755,0.270317,0.344928,0.335507,0.296147,0.367600
0.269382,0.274135,0.285434,0.370944,0.357089,0.292402,0.334857,0.248407,0.349811,0.264670
0.342840,0.239674,0.213615,0.282771,0.297200,0.267044,0.292559,0.275909,0.248957,0.334895
0.314480,0.292039,0.370335,0.273229,0.267849,0.281555,0.297854,0.279884,0.269272,0.351815
0.337927,0.256937,0.280244,0.345671,0.287697,0.350899,0.296463,0.330498,0.367021,0.367224
0.334966,0.324835,0.298835,0.306966,0.295742,0.303609,0.307130,0.276671,0.244232,0.321450
0.341341,0.330973,0.276496,0.311463,0.353150,0.351657,0.350753,0.238994,0.257118,0.280570
0.304755,0.278386,0.327762,0.262961,0.250596,0.251320,0.354949,0.307726,0.259262,0.318363
0.231794,0.321229,0.279991,0.289867,0.348589,0.276163,0.303791,0.363796,0.329147,0.387994
0.299730,0.346331,0.324203,0.231439,0.330489,0.268778,0.247749,0.337483,0.307765,0.228463
0.322892,0.206183,0.354493,0.382709,0.299407,0.274702,0.373284,0.262623,0.317820,0.263971
0.214377,0.380843,0.361932,0.265616,0.361632,0.356377,0.281032,0.336998,0.321730,0.325751
0.293759,0.336123,0.331364,0.258912,0.288539,0.233814,0.276191,0.331211,0.319897,0.278247
0.262294,0.310744,0.294603,0.270788,0.276499,0.318021,0.314072,0.320302,0.219426,0.294106
0.336305,0.302674,0.286456,0.242919,0.334207,0.298061,0.310093,0.389260,0.326615,0.281404
0.289487,0.234843,0.256699,0.307347,0.335133,0.267283,0.365077,0.326972,0.290465,0.270857
0.325673,0.337667,0.228486,0.313859,0.351437,0.338770,0.295944,0.343654,0.255949,0.258479
0.360404,0.329560,0.325615,0.351086,0.285100,0.307891,0.246562,0.303992,0.282662,0.310375
0.261965,0.311536,0.365704,0.331980,0.381616,0.378543,0.441626,0.416203,0.428888,0.325357
0.339009,0.347658,0.329053,0.378917,0.380893,0.376989,0.286121,0.405938,0.322432,0.390404
0.296558,0.364495,0.368994,0.343787,0.395240,0.381864,0.361290,0.419568,0.373259,0.318674
0.390772,0.304136,0.357856,0.343977,0.377948,0.328781,0.351831,0.355295,0.440759,0.354887
0.355389,0.327593,0.381381,0.437504,0.402534,0.379441,0.410882,0.322306,0.354566,0.335941
0.323746,0.348466,0.348161,0.346525,0.457907,0.368398,0.335343,0.418228,0.416578,0.372048
0.359927,0.334688,0.315163,0.329861,0.325416,0.388812,0.377564,0.339871,0.323562,0.367659
0.372830,0.344702,0.413146,0.317847,0.322798,0.372212,0.303391,0.330474,0.425513,0.489477
0.347388,0.357505,0.339130,0.432031,0.348720,0.415360,0.315222,0.333783,0.324349,0.386528
0.396803,0.325081,0.372185,0.332278,0.394356,0.389802,0.265859,0.401911,0.382231,0.394614
0.387106,0.342144,0.353887,0.354384,0.348748,0.391055,0.339001,0.358550,0.383101,0.316207
0.300672,0.399217,0.412784,0.339504,0.395312,0.316447,0.399370,0.298335,0.359364,0.348954
0.374263,0.350240,0.359813,0.323902,0.347656,0.349227,0.413502,0.362081,0.304704,0.329163
0.354029,0.359968,0.336205,0.350381,0.331601,0.379491,0.346850,0.361544,0.355809,0.394661
0.357100,0.331263,0.342515,0.350616,0.394541,0.365375,0.249761,0.338534,0.318332,0.387496
0.321138,0.459317,0.404108,0.376068,0.408934,0.332589,0.373443,0.393348,0.405560,0.408635
0.361317,0.347745,0.314977,0.346058,0.364899,0.349961,0.377832,0.345328,0.304814,0.389653
0.300198,0.335917,0.366414,0.296719,0.447087,0.336346,0.344329,0.405881,0.398229,0.317100
0.322773,0.281362,0.329670,0.414540,0.331125,0.373658,0.309329,0.344518,0.347664,0.402265
0.334643,0.360295,0.409633,0.384932,0.376710,0.391997,0.364501,0.401525,0.406170,0.359531
0.365919,0.366317,0.322370,0.416489,0.419218,0.374186,0.317587,0.371103,0.333771,0.304356
0.333643,0.398075,0.339587,0.329831,0.341194,0.378445,0.370428,0.352312,0.353508,0.366841
0.321407,0.379969,0.412251,0.385548,0.374882,0.358289,0.309823,0.399864,0.325394,0.354014
0.284557,0.344982,0.380409,0.386219,0.285585,0.412069,0.319669,0.371768,0.426672,0.340890
0.322160,0.379004,0.438749,0.341566,0.418010,0.316925,0.381086,0.390934,0.308264,0.400621
0.379338,0.364499,0.356913,0.439585,0.339176,0.291315,0.273571,0.317886,0.348909,0.417483
0.375590,0.436089,0.384587,0.361122,0.379157,0.394307,0.329484,0.389165,0.355325,0.311610
0.398637,0.388609,0.367618,0.316183,0.321797,0.335022,0.351800,0.341273,0.325581,0.443550
0.294144,0.388221,0.381680,0.327965,0.303795,0.424994,0.390626,0.311226,0.364549,0.373931
0.393636,0.352044,0.405314,0.375604,0.344858,0.316835,0.406071,0.379072,0.435628,0.377087
0.363664,0.329929,0.358602,0.329142,0.456201,0.314034,0.325236,0.293343,0.325784,0.371880
0.395695,0.323169,0.391914,0.320740,0.368496,0.331758,0.368414,0.428411,0.337305,0.341566
0.310620,0.338536,0.373528,0.317245,0.313170,0.327151,0.440371,0.277468,0.358312,0.365179
0.423132,0.337932,0.340851,0.334104,0.341323,0.280096,0.320139,0.386545,0.393381,0.354589
0.294016,0.351563,0.334038,0.372457,0.437493,0.416418,0.340474,0.411922,0.382974,0.335602
0.359348,0.413771,0.385348,0.366828,0.312440,0.325313,0.350968,0.366772,0.363068,0.352992
0.280675,0.429718,0.402572,0.230889,0.368348,0.376354,0.347965,0.451646,0.298316,0.336018
0.306631,0.316019,0.405628,0.310153,0.366854,0.389286,0.384041,0.299538,0.290079,0.360707
0.365722,0.374455,0.390897,0.310732,0.296866,0.353545,0.340958,0.408350,0.376120,0.327484
0.386446,0.331543,0.357878,0.348141,0.308231,0.301523,0.382859,0.398772,0.386867,0.314370
0.396009,0.322526,0.368329,0.391256,0.384892,0.367903,0.399358,0.350851,0.361757,0.355440
0.382059,0.351381,0.399409,0.358346,0.350780,0.305118,0.427428,0.333472,0.328752,0.315191
0.320267,0.364816,0.372668,0.397577,0.389971,0.377765,0.437238,0.289244,0.371817,0.324235
0.349343,0.313268,0.314608,0.336013,0.415192,0.323966,0.424550,0.296821,0.352377,0.310652
0.407502,0.374332,0.408655,0.356739,0.406363,0.421042,0.315851,0.369061,0.349645,0.384957
0.299321,0.282113,0.343598,0.397688,0.318444,0.389153,0.354412,0.335839,0.279717,0.378155
0.444407,0.298177,0.368364,0.368910,0.300993,0.391148,0.351562,0.340051,0.382195,0.463257
0.376554,0.374614,0.368072,0.378354,0.391670,0.321984,0.386658,0.361210,0.356149,0.385200
0.404557,0.334121,0.315256,0.332179,0.387491,0.413637,0.405300,0.315715,0.368836,0.389563
0.375633,0.320356,0.372419,0.357474,0.369930,0.381529,0.393471,0.465318,0.389422,0.341418
0.337437,0.336689,0.342339,0.344031,0.403887,0.368784,0.348064,0.383413,0.361867,0.385219
0.413828,0.361526,0.378571,0.280498,0.407849,0.430464,0.377539,0.300279,0.390200,0.323562
0.398993,0.357685,0.341406,0.326502,0.390104,0.358379,0.288301,0.357413,0.460459,0.379087
0.305327,0.323837,0.370664,0.357361,0.386683,0.359258,0.379250,0.307938,0.357004,0.384935
0.354817,0.359959,0.361181,0.434910,0.366222,0.364103,0.371211,0.385068,0.371527,0.296254
0.394563,0.382880,0.392790,0.353451,0.389349,0.405996,0.366226,0.404671,0.393583,0.402371
0.311522,0.366342,0.295700,0.422732,0.432039,0.361677,0.304271,0.383169,0.379212,0.254097
0.408078,0.342323,0.375092,0.311762,0.328363,0.367816,0.333975,0.321325,0.293584,0.403318
0.364743,0.321317,0.327863,0.441212,0.381372,0.309944,0.445355,0.286431,0.368498,0.365877
0.385858,0.346921,0.371389,0.357639,0.358447,0.377530,0.304044,0.408265,0.407800,0.365181
0.385532,0.321000,0.403889,0.333641,0.327538,0.393223,0.392263,0.256701,0.337536,0.402979
0.406482,0.372172,0.405677,0.365495,0.299935,0.449274,0.286040,0.359240,0.427121,0.372652
0.338859,0.384146,0.366182,0.346071,0.292886,0.328074,0.343437,0.374370,0.352162,0.322826
0.419757,0.343762,0.415480,0.350946,0.327338,0.407027,0.341662,0.432629,0.437053,0.398445
0.337344,0.324047,0.347901,0.331416,0.325222,0.392855,0.362116,0.330607,0.348581,0.385046
0.407395,0.397301,0.370989,0.353479,0.372139,0.385321,0.382640,0.376001,0.386964,0.344704
0.320430,0.381930,0.300026,0.337236,0.420445,0.301828,0.355281,0.376580,0.339577,0.362645
0.346089,0.336527,0.291573,0.383423,0.280788,0.422073,0.380630,0.423013,0.406037,0.436926
0.355134,0.326291,0.359903,0.338712,0.389715,0.338029,0.400935,0.350584,0.321289,0.331705
0.313313,0.305573,0.343156,0.366838,0.382709,0.414900,0.327688,0.422245,0.351756,0.391768
0.318664,0.367385,0.411582,0.261760,0.367774,0.292819,0.363210,0.382041,0.404269,0.339167
0.409507,0.322680,0.388392,0.332950,0.315209,0.347575,0.367193,0.308542,0.388567,0.385090
0.388620,0.323935,0.377604,0.335736,0.391650,0.459567,0.396698,0.375890,0.393321,0.339639
0.330660,0.377438,0.342883,0.449775,0.337088,0.375122,0.345731,0.296282,0.377848,0.325153
0.326705,0.373882,0.417215,0.322429,0.420458,0.357143,0.390296,0.428571,0.327953,0.351464
0.407488,0.356247,0.380073,0.313020,0.404151,0.387819,0.356129,0.342180,0.388608,0.366429
0.378733,0.323918,0.366370,0.398192,0.299748,0.419427,0.343959,0.324063,0.365565,0.435243
0.322668,0.358646,0.371068,0.301137,0.305365,0.318365,0.268884,0.388126,0.387242,0.349058
0.340606,0.413959,0.363528,0.346431,0.356306,0.271447,0.342300,0.473239,0.359614,0.356141
0.334768,0.338002,0.423889,0.305982,0.391758,0.388467,0.406348,0.380251,0.299576,0.376460
0.419371,0.328960,0.393094,0.306261,0.383963,0.310673,0.412528,0.386710,0.326172,0.335419
0.368850,0.353177,0.353499,0.386745,0.426846,0.400091,0.445525,0.325493,0.416403,0.300943
0.374503,0.325803,0.361535,0.402791,0.425053,0.328948,0.369649,0.441256,0.367785,0.324747
0.289271,0.339290,0.361910,0.332484,0.328186,0.405779,0.351214,0.347999,0.407136,0.361512
0.371659,0.401253,0.442384,0.371024,0.359410,0.348674,0.358440,0.382554,0.367751,0.408974
0.376670,0.412426,0.351776,0.280575,0.341389,0.345689,0.359209,0.392242,0.322431,0.427247
0.357094,0.358236,0.331612,0.364128,0.304571,0.333946,0.307049,0.330160,0.382132,0.274465
0.342858,0.352948,0.385591,0.341940,0.266378,0.408437,0.318548,0.337677,0.403239,0.389361
0.363521,0.363539,0.307320,0.488301,0.332590,0.296578,0.335666,0.339687,0.294247,0.335854
0.346455,0.346211,0.345061,0.325926,0.378745,0.335370,0.320340,0.435774,0.346158,0.432621
0.349266,0.380163,0.318814,0.333437,0.309647,0.310287,0.368749,0.321391,0.346802,0.363877
0.332539,0.359859,0.360937,0.372842,0.360521,0.383234,0.383231,0.381533,0.352535,0.321822
0.388271,0.323081,0.387078,0.314545,0.349113,0.360173,0.350213,0.340432,0.365909,0.374748
0.404637,0.347905,0.327465,0.351929,0.433818,0.382084,0.371387,0.391068,0.335729,0.403792
0.409459,0.384077,0.300001,0.397071,0.365782,0.362553,0.329918,0.367283,0.407629,0.374290
0.363717,0.359713,0.350327,0.297256,0.425886,0.389590,0.369944,0.365899,0.325766,0.305459
0.324485,0.377084,0.303849,0.384496,0.348454,0.363994,0.357056,0.347000,0.403031,0.363036
0.412171,0.324517,0.348846,0.334669,0.327312,0.380795,0.260531,0.386870,0.342681,0.330704
0.368126,0.349834,0.339844,0.312793,0.310203,0.383103,0.455331,0.369103,0.381194,0.392266
0.414891,0.315822,0.338224,0.297626,0.339980,0.345015,0.292761,0.389561,0.294135,0.345993
0.362940,0.368296,0.334381,0.340814,0.386845,0.318740,0.371769,0.394567,0.383465,0.350425
0.408049,0.311703,0.342794,0.335891,0.415898,0.381384,0.366440,0.370044,0.340956,0.383640
0.377618,0.320715,0.332891,0.346878,0.394294,0.371840,0.372559,0.348493,0.393484,0.297460
0.381626,0.349762,0.313514,0.310189,0.341909,0.267945,0.362557,0.361927,0.376207,0.453148
0.349659,0.299908,0.404065,0.343208,0.362207,0.384666,0.352810,0.313611,0.392989,0.314384
0.438890,0.337499,0.315246,0.358743,0.381043,0.336332,0.356124,0.304832,0.344710,0.303539
0.418683,0.344081,0.327700,0.329522,0.304645,0.370923,0.325416,0.380448,0.295939,0.359068
0.435392,0.340457,0.368190,0.409777,0.411292,0.367619,0.332543,0.386555,0.358414,0.289104
0.384421,0.397237,0.474232,0.359265,0.281013,0.320758,0.336705,0.404236,0.352164,0.290366
0.435721,0.375044,0.328135,0.272308,0.294627,0.351547,0.356627,0.341561,0.403967,0.390784
0.338832,0.404463,0.447414,0.400732,0.313716,0.335793,0.262154,0.375365,0.331398,0.419274
0.364358,0.382125,0.363610,0.365841,0.390685,0.383088,0.330267,0.332827,0.400858,0.317767
0.273347,0.352416,0.325533,0.391004,0.397187,0.383340,0.335315,0.386619,0.402082,0.323760
0.329572,0.364353,0.337662,0.355852,0.429605,0.371140,0.389920,0.256813,0.391031,0.365532
0.333897,0.372950,0.319340,0.338060,0.300983,0.306550,0.370884,0.319067,0.406308,0.325606
0.417140,0.319714,0.398300,0.311096,0.469240,0.335747,0.392169,0.382291,0.376091,0.279755
0.423274,0.337930,0.366414,0.350631,0.336829,0.418616,0.451261,0.343340,0.412418,0.388608
0.322909,0.342541,0.431060,0.339032,0.355330,0.362685,0.333399,0.312215,0.372110,0.351413
0.328038,0.299319,0.361741,0.316075,0.362060,0.329431,0.349822,0.455103,0.298429,0.393034
0.398785,0.392796,0.329444,0.372010,0.324221,0.369866,0.325077,0.445789,0.403853,0.366536
0.469280,0.292089,0.361756,0.328470,0.302637,0.443052,0.314579,0.337763,0.374951,0.343737
0.345215,0.300201,0.375237,0.376893,0.342232,0.423308,0.304113,0.469211,0.329870,0.334251
0.365891,0.363905,0.387919,0.378083,0.302261,0.347209,0.349552,0.395539,0.240833,0.363661
0.344571,0.353892,0.395461,0.384317,0.371146,0.357487,0.292895,0.358339,0.361122,0.424953
0.358846,0.356216,0.318542,0.412048,0.320360,0.332501,0.382843,0.352522,0.280305,0.414106
0.377291,0.323745,0.389425,0.327830,0.318245,0.412736,0.360772,0.387467,0.427530,0.393644
0.233964,0.325342,0.328777,0.393113,0.385155,0.376194,0.363546,0.310519,0.355566,0.381467
0.381695,0.443318,0.356151,0.364340,0.412743,0.396235,0.349109,0.379417,0.350757,0.413781
0.317194,0.319347,0.403007,0.387930,0.388178,0.324068,0.321545,0.359030,0.329235,0.413595
0.407641,0.424332,0.322549,0.388302,0.220794,0.397935,0.388357,0.372763,0.371579,0.369433
0.371010,0.411040,0.406483,0.341235,0.373807,0.410441,0.373960,0.403489,0.364436,0.343149
0.381513,0.253329,0.351032,0.329632,0.336739,0.309511,0.317866,0.313698,0.400189,0.336888
0.298330,0.437351,0.266305,0.378307,0.294244,0.381572,0.397312,0.349639,0.283320,0.339091
0.396999,0.381869,0.250163,0.398595,0.336276,0.384643,0.312892,0.346910,0.413676,0.363798
0.346928,0.388002,0.417366,0.305615,0.353205,0.388894,0.358424,0.360862,0.368656,0.306343
0.346415,0.377997,0.395612,0.398575,0.370756,0.359786,0.377288,0.370368,0.382154,0.301174
0.334311,0.380229,0.393729,0.376769,0.294452,0.411208,0.364141,0.365241,0.356478,0.378905
0.359807,0.371036,0.384052,0.382704,0.360407,0.314888,0.360470,0.303657,0.362852,0.363775
0.337260,0.384974,0.381703,0.379184,0.323885,0.377192,0.358888,0.333381,0.331167,0.301714
0.349080,0.351739,0.404201,0.381129,0.363911,0.387187,0.308761,0.299130,0.410579,0.302446
0.443429,0.365462,0.341802,0.345585,0.346650,0.327742,0.363110,0.330209,0.322009,0.370331
0.387595,0.306595,0.423856,0.385934,0.362222,0.470122,0.365654,0.328536,0.434187,0.337310
0.355232,0.374000,0.335250,0.327291,0.314245,0.346391,0.352151,0.340250,0.345983,0.411235
0.367662,0.311152,0.331819,0.392691,0.354697,0.401755,0.326489,0.413025,0.346183,0.336753
0.359046,0.389924,0.399326,0.349511,0.278057,0.402447,0.380543,0.348828,0.360484,0.388510
0.380698,0.308684,0.348399,0.362296,0.309943,0.351952,0.284739,0.395335,0.376183,0.367442
0.302456,0.382514,0.410179,0.389774,0.376199,0.354665,0.315820,0.345349,0.339817,0.349371
0.383853,0.335282,0.354486,0.336052,0.361776,0.333214,0.330234,0.284987,0.412048,0.360246
0.355023,0.362732,0.337831,0.370978,0.396520,0.307631,0.371735,0.391790,0.341004,0.408355
0.300756,0.320605,0.353529,0.380344,0.378230,0.388723,0.378262,0.345491,0.416908,0.405885
0.362855,0.311861,0.380700,0.393449,0.325907,0.400741,0.392523,0.348884,0.343014,0.341796
0.332876,0.382630,0.375166,0.328039,0.308498,0.389520,0.378178,0.312563,0.325836,0.389856
0.329335,0.302958,0.426583,0.354168,0.397843,0.374921,0.394810,0.299492,0.355329,0.363393
0.374834,0.375734,0.351882,0.324344,0.334515,0.384809,0.310917,0.352201,0.346308,0.376402
0.358151,0.402124,0.421288,0.393552,0.367896,0.389307,0.385560,0.328481,0.301379,0.354822
0.350953,0.321050,0.365529,0.383031,0.387050,0.299507,0.350486,0.369918,0.338621,0.344816
0.427103,0.366874,0.394352,0.352560,0.369765,0.336294,0.334632,0.417759,0.395606,0.360598
0.343508,0.367873,0.322713,0.379738,0.348978,0.371327,0.351254,0.385371,0.381208,0.350422
0.350286,0.284174,0.375751,0.410989,0.278696,0.299209,0.352456,0.444910,0.350876,0.330203
0.351294,0.331519,0.373391,0.288686,0.373067,0.418674,0.370929,0.378924,0.348617,0.310134
0.347105,0.321355,0.310877,0.436478,0.461906,0.408677,0.372815,0.393112,0.262683,0.385308
0.432404,0.307039,0.354871,0.401011,0.439824,0.421335,0.434862,0.331292,0.292343,0.404352
0.305672,0.358740,0.412209,0.365981,0.378834,0.422352,0.348951,0.364193,0.383946,0.354064
0.326049,0.363507,0.283757,0.329571,0.345903,0.399328,0.335445,0.398851,0.394219,0.304466
0.374582,0.343893,0.388206,0.374508,0.445507,0.305870,0.376129,0.400078,0.424025,0.435535
0.349094,0.374688,0.374124,0.403807,0.341830,0.400300,0.357484,0.350856,0.327294,0.408773
0.374962,0.323005,0.384319,0.395918,0.358185,0.330053,0.267955,0.427327,0.359569,0.337491
0.309793,0.353311,0.341505,0.337819,0.360609,0.365924,0.375667,0.364059,0.297257,0.342176
0.365593,0.444234,0.339921,0.374375,0.360744,0.344984,0.296856,0.336311,0.352145,0.378902
0.413120,0.340704,0.291465,0.349954,0.308693,0.378052,0.342166,0.334394,0.366557,0.381753
0.368607,0.357421,0.342979,0.387019,0.355100,0.274749,0.414227,0.307759,0.375997,0.334808
0.281603,0.365914,0.370448,0.364379,0.346773,0.400239,0.333632,0.337017,0.377400,0.390621
0.354388,0.349371,0.434892,0.371216,0.351968,0.358000,0.410616,0.375452,0.267133,0.420496
0.364554,0.363751,0.404948,0.361315,0.415394,0.369429,0.317427,0.351323,0.363781,0.332410
0.342754,0.381440,0.391726,0.316291,0.306229,0.384076,0.360720,0.362692,0.331758,0.325177
0.386361,0.360823,0.339813,0.329075,0.389307,0.326593,0.368032,0.343616,0.373737,0.336341
0.416299,0.368127,0.362731,0.371849,0.331317,0.345531,0.479885,0.418667,0.411130,0.324187
0.331119,0.378588,0.355625,0.335582,0.295332,0.446069,0.313827,0.286726,0.346426,0.390800
0.370921,0.396419,0.393046,0.344530,0.314518,0.311152,0.357931,0.332183,0.436352,0.435169
0.301229,0.373350,0.300113,0.402224,0.354681,0.350398,0.354549,0.291104,0.344396,0.376513
0.342260,0.422620,0.367263,0.325520,0.407660,0.306639,0.376853,0.445104,0.393363,0.336043
0.328046,0.368368,0.323126,0.318516,0.413819,0.343897,0.357739,0.367158,0.326290,0.368903
0.367966,0.367907,0.380160,0.319355,0.315048,0.349303,0.363883,0.299981,0.438872,0.416204
0.400104,0.420543,0.365699,0.340413,0.288864,0.447554,0.287569,0.366569,0.244027,0.346301
0.308140,0.318862,0.297081,0.434952,0.335070,0.377103,0.297076,0.290634,0.294846,0.363824
0.345413,0.325886,0.334735,0.355001,0.381143,0.320970,0.348722,0.325525,0.354972,0.439975
0.346624,0.402423,0.441638,0.363495,0.299331,0.329900,0.330702,0.372305,0.362021,0.322259
0.363095,0.304010,0.329882,0.385475,0.455038,0.349587,0.358589,0.399965,0.369949,0.351438
0.360856,0.359387,0.365971,0.359802,0.323579,0.346589,0.336725,0.313097,0.360600,0.430307
0.412472,0.369902,0.359817,0.299568,0.403699,0.373219,0.328913,0.291578,0.415295,0.285638
0.326578,0.363069,0.379367,0.325153,0.379452,0.352728,0.368517,0.362131,0.383871,0.297640
0.323668,0.399514,0.289057,0.345118,0.371951,0.342740,0.368304,0.341531,0.343119,0.392130
0.367622,0.322023,0.407819,0.324169,0.312386,0.368986,0.340856,0.409773,0.444203,0.362013
0.339325,0.306944,0.282707,0.424247,0.281730,0.284415,0.425373,0.376111,0.343308,0.309913
0.312476,0.313911,0.413090,0.350850,0.388312,0.407972,0.366803,0.397855,0.411272,0.390365
0.414178,0.394240,0.422841,0.404892,0.387400,0.489990,0.406625,0.381391,0.392236,0.337313
0.357162,0.378394,0.444188,0.376347,0.346726,0.334491,0.414718,0.325694,0.367374,0.374648
0.380729,0.427064,0.413248,0.424563,0.430153,0.359496,0.397191,0.298330,0.366460,0.343041
0.392826,0.420418,0.358396,0.309655,0.345336,0.393047,0.364558,0.347096,0.385460,0.299227
0.364766,0.426365,0.335276,0.359572,0.366323,0.358792,0.347147,0.303510,0.329454,0.298322
0.315796,0.390037,0.364182,0.369749,0.326074,0.334587,0.303286,0.288458,0.392374,0.367622
0.346594,0.366754,0.360035,0.395745,0.307124,0.381388,0.404538,0.350811,0.395963,0.355285
0.409579,0.357534,0.372770,0.383173,0.298284,0.340631,0.330309,0.365654,0.397303,0.301717
0.338279,0.323595,0.409059,0.356853,0.370110,0.353886,0.321479,0.353884,0.325195,0.406017
0.337157,0.351524,0.390734,0.316623,0.337041,0.340952,0.419716,0.365428,0.360376,0.398481
0.332047,0.355710,0.371024,0.413123,0.356780,0.322465,0.315180,0.330005,0.341508,0.384592
0.304154,0.367285,0.320627,0.390149,0.447272,0.301110,0.396245,0.330612,0.338861,0.369959
0.328307,0.311171,0.396649,0.407537,0.306080,0.357359,0.325415,0.351411,0.364836,0.380001
0.353797,0.320863,0.302145,0.396895,0.328289,0.341274,0.366417,0.381750,0.457203,0.406058
0.354452,0.335648,0.380989,0.454497,0.384333,0.280343,0.334836,0.397994,0.282978,0.261969
0.358045,0.343905,0.283217,0.439573,0.338851,0.380885,0.358757,0.321629,0.288313,0.392656
0.314740,0.440834,0.376774,0.328907,0.294356,0.309179,0.290572,0.367786,0.354711,0.343143
0.376931,0.326620,0.350378,0.324731,0.415127,0.380763,0.378231,0.325419,0.365066,0.369791
0.373876,0.347917,0.375064,0.239678,0.380934,0.355636,0.354841,0.351040,0.274070,0.308252
0.300434,0.366422,0.469365,0.348345,0.377465,0.362416,0.343116,0.339160,0.363188,0.417142
0.374513,0.372571,0.417381,0.363368,0.329816,0.403251,0.393949,0.444781,0.382325,0.388102
0.398787,0.332502,0.312653,0.381442,0.393758,0.323279,0.314521,0.367301,0.310812,0.385360
0.313270,0.300203,0.293379,0.364810,0.367511,0.350113,0.348702,0.339905,0.352346,0.403705
0.337366,0.259985,0.340086,0.337195,0.383911,0.351470,0.376390,0.386325,0.404071,0.401251
0.355978,0.402737,0.355571,0.295279,0.327537,0.329624,0.375428,0.352029,0.403120,0.338139
0.361078,0.442976,0.374737,0.346661,0.407425,0.310078,0.322655,0.340830,0.303203,0.284154
0.298895,0.401256,0.317127,0.382836,0.345525,0.422776,0.291219,0.330009,0.311845,0.382521
0.356775,0.402675,0.350455,0.364495,0.336506,0.325399,0.430515,0.336476,0.347687,0.311650
0.364371,0.379273,0.436051,0.321615,0.369783,0.326158,0.309906,0.383432,0.429971,0.316979
0.399991,0.332261,0.469349,0.379432,0.353128,0.347143,0.370113,0.385611,0.417614,0.283848
0.395315,0.336932,0.319469,0.332989,0.393449,0.379575,0.453800,0.317967,0.339403,0.357752
0.389361,0.360038,0.292480,0.368621,0.397590,0.356132,0.385288,0.290014,0.348082,0.383836
0.387824,0.365588,0.370032,0.382405,0.366293,0.313461,0.403939,0.337852,0.376133,0.280912
0.376231,0.380866,0.334131,0.390076,0.347527,0.270111,0.321848,0.369720,0.381873,0.404132
0.335229,0.322707,0.366662,0.414996,0.390797,0.345300,0.409924,0.355930,0.352131,0.366361
0.459690,0.391751,0.437673,0.288422,0.335472,0.333258,0.382822,0.355502,0.371889,0.335508
0.357356,0.343316,0.403177,0.344112,0.432688,0.220027,0.459445,0.356234,0.335760,0.403295
0.335360,0.340429,0.431464,0.422025,0.425764,0.390166,0.362508,0.333570,0.310297,0.374608
0.385419,0.348890,0.440873,0.352768,0.297712,0.349845,0.384448,0.390668,0.342990,0.371117
0.309158,0.368974,0.354681,0.362568,0.377880,0.379535,0.359256,0.420527,0.364668,0.394467
0.431691,0.351131,0.363416,0.362961,0.428441,0.333236,0.423696,0.355459,0.310632,0.430796
0.378402,0.375373,0.433240,0.392064,0.366899,0.325598,0.367363,0.321704,0.373956,0.340147
0.323445,0.265209,0.412191,0.419270,0.286027,0.371623,0.259785,0.320308,0.337230,0.349832
0.367303,0.424749,0.384384,0.335186,0.288609,0.318435,0.380672,0.345113,0.414615,0.371775
0.361734,0.355538,0.423637,0.354689,0.292384,0.351807,0.390469,0.334431,0.361993,0.318356
0.362025,0.292779,0.330707,0.355189,0.299029,0.353859,0.422630,0.327694,0.363195,0.370888
0.384196,0.358522,0.405394,0.331861,0.402483,0.440903,0.346249,0.327374,0.344138,0.432702
0.365252,0.406918,0.396431,0.326982,0.329659,0.328037,0.373686,0.371265,0.365920,0.318833
0.364635,0.422857,0.409318,0.325709,0.368159,0.340391,0.320325,0.324023,0.306000,0.342531
0.295667,0.427667,0.339556,0.396383,0.348356,0.380918,0.359284,0.354083,0.374699,0.279852
0.371016,0.385828,0.376191,0.349435,0.378277,0.323173,0.280942,0.339951,0.470035,0.362921
0.353685,0.372686,0.360373,0.401606,0.329444,0.350826,0.330441,0.323731,0.314559,0.386730
0.317526,0.416260,0.386962,0.319563,0.412459,0.328940,0.325653,0.356275,0.308043,0.354750
0.369307,0.322824,0.384985,0.418092,0.367678,0.356771,0.367715,0.444773,0.307586,0.327621
0.344993,0.363369,0.356011,0.351458,0.378908,0.419990,0.367997,0.400605,0.355343,0.310408
0.309957,0.367807,0.364885,0.355660,0.430334,0.355072,0.291354,0.443998,0.280268,0.413471
0.413643,0.354233,0.421033,0.393843,0.321208,0.387708,0.328346,0.306026,0.375453,0.343220
0.367171,0.374461,0.364310,0.359647,0.385576,0.411297,0.375805,0.355136,0.345436,0.364749
0.398340,0.375243,0.366657,0.406584,0.392184,0.259859,0.417625,0.443432,0.347501,0.368075
0.318955,0.422281,0.432863,0.342933,0.329263,0.358209,0.390228,0.381356,0.391501,0.290469
0.350423,0.393093,0.433033,0.403943,0.361030,0.286901,0.316885,0.339978,0.381466,0.336507
0.355671,0.329928,0.373153,0.384009,0.374990,0.437717,0.380784,0.321111,0.354506,0.319756
0.368814,0.271034,0.347984,0.411566,0.355674,0.301270,0.385392,0.419230,0.393256,0.425845
0.350349,0.372452,0.328118,0.311011,0.396066,0.284879,0.445354,0.361530,0.339466,0.305246
0.371756,0.379871,0.315781,0.355836,0.345111,0.373124,0.377873,0.392932,0.353698,0.364950
0.339997,0.373256,0.430008,0.492962,0.403978,0.360424,0.259197,0.335800,0.400376,0.318491
0.358578,0.347373,0.335487,0.346281,0.357540,0.363109,0.389907,0.378877,0.408352,0.306638
0.286388,0.358412,0.356021,0.346072,0.457887,0.356000,0.370767,0.360075,0.324989,0.423149
0.266391,0.383447,0.303703,0.346353,0.356791,0.339107,0.369054,0.350987,0.309974,0.310376
0.355646,0.318352,0.318372,0.411475,0.356728,0.395562,0.403667,0.329979,0.294319,0.365704
0.394400,0.369285,0.353515,0.337220,0.460949,0.338956,0.356056,0.351097,0.387096,0.347152
0.251869,0.316427,0.294599,0.320279,0.390352,0.397930,0.425972,0.352676,0.275013,0.391472
0.316076,0.348795,0.309377,0.372540,0.392281,0.371588,0.367208,0.429684,0.354080,0.242471
0.325579,0.356391,0.382255,0.317812,0.369725,0.361505,0.351051,0.328205,0.413247,0.368498
0.321873,0.333313,0.324225,0.440401,0.361754,0.392731,0.406670,0.390130,0.356399,0.437205
0.382251,0.360463,0.286584,0.366037,0.293619,0.270052,0.365453,0.378229,0.336496,0.317238
0.344627,0.336365,0.390693,0.313724,0.280062,0.332985,0.384264,0.298062,0.430179,0.295462
0.376678,0.346630,0.400243,0.306161,0.367463,0.410594,0.416717,0.384632,0.392460,0.362851
0.402842,0.339812,0.397617,0.354722,0.392546,0.345226,0.354814,0.369227,0.385898,0.332754
0.422088,0.416572,0.364196,0.364704,0.454834,0.417247,0.386795,0.416465,0.298060,0.414980
0.387935,0.374094,0.279936,0.444296,0.411312,0.370780,0.386317,0.376878,0.422743,0.499994
0.345293,0.375264,0.418230,0.357567,0.344904,0.451512,0.406484,0.321972,0.388976,0.296472
0.313247,0.436170,0.396992,0.331306,0.418355,0.301990,0.362049,0.349592,0.337501,0.332328
0.297362,0.308437,0.354969,0.409307,0.329816,0.267699,0.364464,0.398520,0.391884,0.352003
0.379036,0.317258,0.370852,0.286545,0.399896,0.425902,0.374583,0.330003,0.370488,0.400290
0.367639,0.310329,0.399431,0.351112,0.398401,0.310008,0.382695,0.348188,0.315338,0.446327
0.398207,0.371719,0.356514,0.402741,0.341148,0.400571,0.326955,0.441439,0.353572,0.451025
0.381281,0.346220,0.405917,0.366680,0.318844,0.365259,0.378151,0.455163,0.435958,0.353465
0.326016,0.409837,0.368513,0.312673,0.352455,0.389850,0.373508,0.403863,0.342950,0.249026
0.352292,0.370315,0.353176,0.417447,0.384688,0.391418,0.462314,0.302306,0.419212,0.323862
0.393270,0.404870,0.333065,0.395951,0.316196,0.395953,0.387679,0.366851,0.326659,0.352634
0.352797,0.371425,0.385199,0.401736,0.303723,0.333192,0.296894,0.323843,0.339960,0.375187
0.372749,0.324707,0.341309,0.374620,0.369900,0.396424,0.371584,0.278334,0.361569,0.285788
0.337713,0.351839,0.397316,0.283895,0.403117,0.394377,0.290561,0.431539,0.369082,0.242077
0.384479,0.377390,0.376900,0.353554,0.377823,0.338194,0.340137,0.360820,0.396285,0.342632
0.409938,0.353312,0.362187,0.345792,0.330651,0.319853,0.370924,0.393103,0.398792,0.317358
0.348765,0.398994,0.261922,0.421868,0.349283,0.345773,0.378802,0.350782,0.396980,0.414047
0.441784,0.369402,0.334800,0.355706,0.349756,0.421857,0.447817,0.381003,0.357136,0.304810
0.381985,0.279915,0.390439,0.345567,0.334061,0.337863,0.349841,0.303146,0.371479,0.346419
0.338787,0.418727,0.353439,0.353165,0.345191,0.397961,0.336919,0.352070,0.365743,0.373228
0.355007,0.398705,0.393394,0.363358,0.486543,0.324067,0.354188,0.383679,0.379626,0.304220
0.395261,0.318592,0.305956,0.392124,0.354936,0.339308,0.415431,0.391618,0.376788,0.401947
0.392238,0.364292,0.364439,0.394178,0.366718,0.301947,0.279990,0.429775,0.346137,0.355633
0.313667,0.380552,0.334701,0.359294,0.321704,0.312923,0.368183,0.520347,0.325560,0.427856
0.329409,0.420392,0.331662,0.425066,0.338046,0.316877,0.362984,0.298790,0.323103,0.390593
0.808329,0.762184,0.819142,0.794541,0.787940,0.813533,0.793582,0.818586,0.759227,0.791540
0.809612,0.803864,0.807792,0.789552,0.774811,0.809519,0.847733,0.782322,0.803823,0.790315
0.795357,0.792131,0.803141,0.809280,0.754319,0.817280,0.786807,0.776124,0.817415,0.715618
0.834258,0.744604,0.772211,0.792252,0.825669,0.833544,0.799794,0.784173,0.823888,0.743539
0.788011,0.774729,0.814896,0.787532,0.811332,0.774681,0.816147,0.806437,0.789218,0.747847
0.782257,0.823193,0.743545,0.810676,0.810510,0.841718,0.784314,0.807119,0.819181,0.824547
0.741987,0.817428,0.782671,0.826619,0.805052,0.815762,0.803582,0.799542,0.790711,0.832023
0.807078,0.769804,0.826009,0.750153,0.804535,0.771211,0.782154,0.782062,0.760883,0.741036
0.756587,0.768652,0.783956,0.850295,0.811676,0.761149,0.821161,0.817600,0.779441,0.787545
0.801679,0.761154,0.832093,0.801314,0.807862,0.771346,0.787595,0.771235,0.817656,0.803802
0.811909,0.826271,0.841877,0.824547,0.833342,0.839302,0.831475,0.830170,0.752446,0.788935
0.808711,0.831627,0.786506,0.782054,0.828415,0.780973,0.749756,0.786210,0.829739,0.809525
0.794539,0.816937,0.748132,0.783317,0.835812,0.797141,0.799069,0.832396,0.822214,0.795583
0.818225,0.827246,0.809752,0.773684,0.766073,0.822270,0.806489,0.814132,0.767624,0.792971
0.821728,0.814750,0.808875,0.788549,0.765747,0.857231,0.775634,0.839911,0.800034,0.750005
0.724550,0.808439,0.750806,0.798688,0.766328,0.761962,0.746182,0.804070,0.867937,0.784529
0.784924,0.830973,0.792540,0.829248,0.768307,0.803885,0.787624,0.788699,0.740898,0.785185
0.798000,0.812660,0.831484,0.785340,0.780735,0.810083,0.831785,0.739147,0.786824,0.789968
0.778089,0.795532,0.843626,0.809404,0.764703,0.853551,0.813460,0.815624,0.816279,0.775247
0.827354,0.784151,0.850464,0.772702,0.761028,0.870372,0.802034,0.851841,0.772713,0.795932
0.866344,0.833418,0.804255,0.819313,0.738771,0.753365,0.833713,0.770758,0.826098,0.798687
0.808130,0.802434,0.813342,0.815106,0.854964,0.819224,0.840781,0.772477,0.805211,0.783289
0.775971,0.800216,0.783053,0.792100,0.824028,0.800829,0.801683,0.827136,0.793762,0.792346
0.821369,0.766791,0.775823,0.782980,0.826314,0.807659,0.765721,0.781759,0.781993,0.774428
0.789891,0.773132,0.817632,0.903992,0.804964,0.809612,0.760532,0.775020,0.777120,0.787002
0.834428,0.761337,0.744490,0.816139,0.740908,0.843476,0.784886,0.808676,0.773398,0.815955
0.766526,0.785488,0.816147,0.840630,0.769507,0.823841,0.852410,0.857019,0.823445,0.793273
0.762306,0.770169,0.762914,0.818433,0.795924,0.820924,0.767637,0.841318,0.804574,0.806576
0.787069,0.844452,0.800938,0.793515,0.832586,0.815993,0.791794,0.753968,0.864711,0.765208
0.822774,0.793354,0.811025,0.829833,0.735248,0.797615,0.809976,0.822648,0.774036,0.796400
0.814172,0.843151,0.761123,0.804608,0.805277,0.791353,0.800073,0.816692,0.778500,0.811728
0.809572,0.809021,0.868289,0.750065,0.810799,0.809986,0.818478,0.786572,0.810197,0.766417
0.826044,0.776222,0.827952,0.744430,0.786329,0.833942,0.800721,0.802545,0.810994,0.823607
0.830675,0.763404,0.743292,0.840743,0.825590,0.839335,0.828619,0.784394,0.800317,0.804346
0.788598,0.801758,0.854169,0.803169,0.766471,0.785208,0.827353,0.780894,0.828162,0.796590
0.776782,0.771854,0.781272,0.829312,0.799466,0.849304,0.838765,0.789269,0.765435,0.776682
0.768563,0.764780,0.746658,0.819950,0.803704,0.851234,0.803182,0.818393,0.787142,0.834540
0.812505,0.807498,0.835795,0.745481,0.790789,0.855344,0.804716,0.851946,0.752178,0.789133
0.790764,0.797225,0.860088,0.753540,0.821454,0.887054,0.828585,0.818166,0.809906,0.787734
0.748540,0.777053,0.819438,0.855211,0.823332,0.785499,0.804814,0.805679,0.833032,0.826871
0.769949,0.805278,0.811916,0.789891,0.827868,0.800342,0.815040,0.813252,0.758886,0.780172
0.802130,0.777649,0.776570,0.737598,0.802062,0.784986,0.811200,0.823459,0.822189,0.748729
0.777038,0.837041,0.811659,0.808120,0.824678,0.858606,0.851205,0.805344,0.828806,0.805640
0.853397,0.838335,0.767382,0.822896,0.780322,0.754051,0.769837,0.828230,0.828834,0.790826
0.797312,0.808955,0.755661,0.841102,0.843963,0.761318,0.838677,0.822776,0.800790,0.838385
0.809053,0.819964,0.816958,0.806364,0.745103,0.762921,0.792974,0.816488,0.834735,0.820451
0.791520,0.807014,0.848435,0.776727,0.835662,0.766423,0.752995,0.806903,0.776274,0.847659
0.784916,0.792516,0.799516,0.778161,0.796398,0.839408,0.832924,0.806442,0.782046,0.777066
0.848813,0.821766,0.809273,0.775626,0.789469,0.803793,0.800484,0.859217,0.838504,0.764687
0.772797,0.812290,0.745849,0.851436,0.820426,0.812038,0.874691,0.767523,0.806082,0.720020
0.801540,0.775396,0.779393,0.776666,0.765645,0.737480,0.840639,0.856235,0.818880,0.806646
0.798407,0.813464,0.792724,0.812861,0.761477,0.824280,0.826034,0.771880,0.773968,0.860512
0.840909,0.793033,0.797415,0.792900,0.749622,0.784063,0.819099,0.803289,0.786678,0.781619
0.773218,0.826206,0.782576,0.801127,0.789838,0.774479,0.784561,0.801650,0.836205,0.869184
0.803571,0.784429,0.799674,0.824459,0.818732,0.797705,0.778207,0.796558,0.769018,0.874824
0.758098,0.753223,0.814808,0.821902,0.809783,0.771587,0.792756,0.775616,0.815774,0.771230
0.805261,0.797008,0.892324,0.842813,0.773216,0.785652,0.814649,0.848163,0.853175,0.786341
0.805598,0.762144,0.812662,0.846205,0.818995,0.811443,0.801028,0.811376,0.816293,0.830391
0.837153,0.812294,0.771855,0.792910,0.809103,0.750564,0.786045,0.803963,0.791028,0.884300
0.797492,0.816720,0.803527,0.814841,0.764997,0.778880,0.749201,0.768177,0.768150,0.747815
0.859032,0.806495,0.751415,0.798352,0.794999,0.824106,0.793010,0.782744,0.771858,0.795132
0.769953,0.813982,0.793569,0.809882,0.749798,0.793497,0.821283,0.748756,0.872525,0.799832
0.816857,0.797029,0.814779,0.764117,0.787498,0.803300,0.769903,0.803344,0.807643,0.831187
0.776217,0.832546,0.739245,0.822233,0.789267,0.770265,0.799852,0.760493,0.803882,0.781709
0.824682,0.783855,0.844135,0.853796,0.834339,0.794181,0.812078,0.784626,0.761559,0.827581
0.813549,0.770013,0.812440,0.812175,0.811253,0.806106,0.776866,0.757943,0.768916,0.825067
0.807167,0.753304,0.790126,0.816593,0.801849,0.796474,0.783484,0.801928,0.867204,0.769516
0.814577,0.857133,0.824424,0.792440,0.792530,0.807562,0.843681,0.773085,0.742128,0.767130
0.808567,0.782991,0.779684,0.775661,0.817304,0.828396,0.813087,0.796485,0.797708,0.831965
0.768796,0.770098,0.745327,0.734590,0.824351,0.843338,0.830250,0.754446,0.842309,0.820946
0.775825,0.786355,0.782733,0.792068,0.813770,0.820572,0.837136,0.782636,0.857150,0.854781
0.823027,0.755442,0.796857,0.817659,0.819285,0.800301,0.807087,0.798914,0.775825,0.828683
0.824997,0.768820,0.769280,0.816071,0.741076,0.807443,0.858657,0.846844,0.783452,0.822385
0.802906,0.785127,0.865803,0.817638,0.772125,0.768445,0.808186,0.798252,0.847610,0.786597
0.755242,0.796258,0.832883,0.796078,0.796820,0.754135,0.762797,0.779896,0.760157,0.835058
0.804721,0.801468,0.799816,0.822877,0.772566,0.790556,0.754557,0.798772,0.768006,0.812059
0.776622,0.843749,0.812509,0.799235,0.801096,0.760153,0.836055,0.823533,0.788421,0.746927
0.779675,0.734891,0.775250,0.779538,0.800116,0.826378,0.847824,0.853663,0.797054,0.823872
0.785637,0.822942,0.782863,0.824801,0.792163,0.835876,0.801848,0.813759,0.769447,0.797199
0.769524,0.799941,0.822116,0.790780,0.809264,0.826281,0.815456,0.768643,0.805866,0.792307
0.808781,0.812621,0.809856,0.759266,0.788509,0.819242,0.807875,0.798433,0.733593,0.802127
0.830618,0.766473,0.869075,0.795924,0.812289,0.803554,0.822399,0.841229,0.817546,0.790788
0.786944,0.801191,0.851640,0.808058,0.858545,0.763505,0.803734,0.818876,0.815036,0.752299
0.845472,0.827140,0.832692,0.774362,0.795851,0.793781,0.821213,0.863580,0.823874,0.808994
0.736126,0.837799,0.822821,0.806243,0.832740,0.814079,0.803995,0.785497,0.777813,0.757842
0.825034,0.810754,0.819063,0.826492,0.820690,0.798992,0.752649,0.815516,0.849376,0.789763
0.772468,0.844389,0.805689,0.794519,0.761146,0.817967,0.759318,0.817645,0.753444,0.802316
0.850479,0.762741,0.783606,0.800467,0.852452,0.806265,0.800600,0.829730,0.803848,0.798596
0.800160,0.774379,0.856526,0.859916,0.800800,0.776184,0.834227,0.734413,0.792188,0.769429
0.790305,0.821119,0.766120,0.750829,0.820567,0.826145,0.800052,0.845531,0.792650,0.840828
0.828400,0.771326,0.838152,0.771061,0.812348,0.824046,0.773987,0.794369,0.832556,0.737721
0.806732,0.778333,0.803066,0.818684,0.811001,0.784324,0.801140,0.810770,0.754411,0.777840
0.826156,0.757283,0.809891,0.791796,0.800254,0.844980,0.804573,0.802367,0.770575,0.764778
0.789013,0.813756,0.804909,0.809331,0.798364,0.754134,0.829898,0.755753,0.765649,0.841294
0.786610,0.849626,0.850050,0.765838,0.829344,0.840854,0.798284,0.791085,0.795139,0.812272
0.870735,0.830718,0.808035,0.775206,0.803159,0.786170,0.805329,0.823631,0.829124,0.807615
0.740513,0.804071,0.796075,0.813895,0.785585,0.799540,0.784204,0.800722,0.815453,0.816709
0.802038,0.796329,0.809173,0.776728,0.779906,0.727670,0.797255,0.799116,0.835440,0.792600
0.830810,0.794796,0.773751,0.751778,0.793324,0.807395,0.835816,0.771834,0.820631,0.728921
0.801344,0.795468,0.784585,0.732207,0.816491,0.795024,0.759985,0.826526,0.820183,0.813931
0.802437,0.806847,0.752504,0.833192,0.791086,0.781118,0.776794,0.820278,0.823217,0.782465
0.755041,0.819611,0.805698,0.809045,0.850527,0.805042,0.791730,0.790622,0.833374,0.764565
0.756488,0.779662,0.834187,0.810441,0.856041,0.813174,0.796893,0.885421,0.840058,0.784051
0.853102,0.812448,0.810086,0.805483,0.839741,0.812839,0.833967,0.841816,0.826933,0.764791
0.800434,0.860736,0.818884,0.852796,0.782408,0.745998,0.827003,0.862561,0.755016,0.824794
0.831318,0.772899,0.832515,0.805349,0.786384,0.848301,0.828738,0.789873,0.829624,0.810808
0.798105,0.827676,0.762881,0.824742,0.792438,0.761010,0.721023,0.754520,0.827006,0.853051
0.765346,0.779382,0.811218,0.804705,0.820198,0.791102,0.805303,0.804678,0.756173,0.802929
0.845465,0.815028,0.801512,0.798986,0.799145,0.793312,0.794510,0.806109,0.769689,0.814726
0.858364,0.764813,0.799737,0.781681,0.794832,0.759651,0.808384,0.789998,0.818855,0.812798
0.781632,0.755730,0.786161,0.813683,0.786803,0.834401,0.779733,0.792192,0.823314,0.800353
0.759885,0.771673,0.774506,0.804745,0.825241,0.863423,0.800742,0.838784,0.815111,0.779384
0.760794,0.754190,0.785715,0.802242,0.863437,0.793293,0.852700,0.832465,0.818015,0.817483
0.784796,0.776886,0.787924,0.800987,0.793798,0.807109,0.794445,0.814511,0.827328,0.792113
0.828911,0.754282,0.778899,0.792038,0.813255,0.801553,0.789427,0.819448,0.826543,0.799826
0.770309,0.764172,0.779121,0.801055,0.821046,0.811171,0.826553,0.809158,0.791603,0.787898
0.836933,0.805856,0.865068,0.777516,0.797889,0.733266,0.791276,0.753500,0.828013,0.801759
0.821188,0.761154,0.801030,0.810711,0.849872,0.902953,0.777673,0.788745,0.780508,0.780474
0.781901,0.763115,0.834651,0.768539,0.804106,0.791836,0.867870,0.817426,0.790387,0.817347
0.830825,0.781768,0.777698,0.847840,0.844440,0.751294,0.776190,0.769564,0.787903,0.800487
0.861346,0.777229,0.798528,0.809295,0.840843,0.801964,0.795653,0.786112,0.824089,0.841443
0.809727,0.752600,0.825859,0.804502,0.797830,0.781984,0.769684,0.712587,0.810914,0.812947
0.784372,0.776177,0.862854,0.867410,0.833579,0.850133,0.817442,0.839794,0.834706,0.779235
0.812430,0.782480,0.802340,0.815814,0.836677,0.794920,0.740153,0.805955,0.795583,0.809121
0.794036,0.823852,0.825697,0.766075,0.803366,0.808272,0.760373,0.792467,0.833070,0.810261
0.789691,0.826889,0.799310,0.851849,0.785865,0.765580,0.801108,0.774858,0.804237,0.777394
0.824877,0.858424,0.837725,0.795026,0.840100,0.866674,0.766807,0.803497,0.822962,0.806080
0.851453,0.808417,0.785175,0.772670,0.760273,0.805889,0.826103,0.783001,0.771181,0.778976
0.792704,0.819753,0.800158,0.775516,0.781737,0.791741,0.844058,0.847480,0.813867,0.819102
0.765220,0.793006,0.854270,0.838337,0.766811,0.822481,0.848133,0.794485,0.871477,0.760604
0.829608,0.782818,0.774094,0.836199,0.788517,0.827878,0.832325,0.763613,0.783119,0.813170
0.813012,0.811078,0.824920,0.795967,0.805253,0.785901,0.831551,0.812653,0.805171,0.801227
0.796817,0.799459,0.777860,0.791438,0.788170,0.791812,0.807446,0.791715,0.779130,0.824871
0.775721,0.765878,0.772536,0.779071,0.842312,0.800769,0.751546,0.847357,0.730236,0.824739
0.788581,0.815400,0.769515,0.836317,0.817334,0.825002,0.762357,0.778996,0.791547,0.798264
0.809302,0.825691,0.803078,0.787592,0.773959,0.789413,0.794705,0.855932,0.825120,0.782965
0.808801,0.799347,0.779095,0.832954,0.775205,0.804669,0.799536,0.787321,0.777553,0.776368
0.860510,0.815316,0.799773,0.829374,0.821601,0.844731,0.768778,0.743386,0.837693,0.773095
0.846295,0.811879,0.785963,0.804390,0.725045,0.747646,0.821169,0.787134,0.799547,0.789759
0.715077,0.796815,0.808261,0.756080,0.843572,0.765357,0.818217,0.787412,0.843547,0.806294
0.828587,0.754887,0.828678,0.779072,0.814128,0.821265,0.873162,0.861150,0.839673,0.770131
0.764983,0.823741,0.855208,0.808336,0.801704,0.790892,0.770573,0.773216,0.787611,0.842304
0.838801,0.840901,0.831752,0.811004,0.755299,0.769544,0.804410,0.781479,0.850637,0.787974
0.793972,0.834061,0.827607,0.753708,0.814552,0.811301,0.845281,0.775337,0.769222,0.794246
0.796049,0.793103,0.822040,0.800079,0.838242,0.821565,0.728901,0.811186,0.836112,0.774753
0.771231,0.824587,0.774780,0.797401,0.820207,0.799896,0.799962,0.760974,0.775466,0.798048
0.783207,0.792346,0.809746,0.764559,0.827877,0.843295,0.755561,0.763417,0.844080,0.735402
0.825818,0.793478,0.821716,0.802235,0.766010,0.737778,0.792825,0.798635,0.797430,0.833217
0.825184,0.769123,0.823372,0.801096,0.852901,0.781961,0.741557,0.807036,0.781007,0.770339
0.748144,0.802699,0.805133,0.842182,0.767105,0.827238,0.786438,0.850805,0.827626,0.791589
0.805671,0.834730,0.817149,0.838588,0.745181,0.831112,0.838622,0.784147,0.808323,0.803301
0.866558,0.785813,0.852674,0.773359,0.805807,0.745127,0.853950,0.786888,0.828768,0.864090
0.774570,0.820199,0.837577,0.800265,0.795929,0.763993,0.822023,0.786250,0.796315,0.770287
0.812998,0.823887,0.826597,0.808791,0.777812,0.800987,0.789275,0.799113,0.773309,0.800840
0.832254,0.882108,0.857182,0.840292,0.796243,0.794986,0.812122,0.785057,0.821009,0.866410
0.787782,0.815210,0.846565,0.817689,0.797543,0.847408,0.779968,0.808892,0.777145,0.787854
0.815829,0.850914,0.719003,0.794961,0.777979,0.788269,0.805495,0.777749,0.742076,0.770364
0.778773,0.808920,0.803473,0.807184,0.789717,0.772674,0.807015,0.771730,0.812747,0.844959
0.853635,0.827275,0.784476,0.765116,0.823636,0.777745,0.817216,0.816064,0.785212,0.744709
0.797356,0.843921,0.799480,0.795787,0.789847,0.817548,0.797231,0.807922,0.816454,0.826466
0.761478,0.811303,0.734321,0.817794,0.799511,0.820777,0.739425,0.747584,0.818633,0.815927
0.851050,0.798834,0.808894,0.795682,0.808975,0.808699,0.799175,0.828301,0.846911,0.734827
0.822543,0.862494,0.811928,0.750445,0.812807,0.828491,0.862568,0.826917,0.805339,0.791743
0.800119,0.786591,0.791635,0.795637,0.813217,0.800139,0.784297,0.799412,0.862769,0.810739
0.775188,0.801719,0.863849,0.836422,0.763873,0.794131,0.852633,0.831829,0.879301,0.868864
0.803958,0.787129,0.805657,0.805429,0.817889,0.788389,0.788056,0.789695,0.800638,0.765500
0.865418,0.776074,0.796599,0.781797,0.767439,0.803289,0.810984,0.786132,0.757559,0.866787
0.794997,0.788803,0.776371,0.773304,0.838988,0.847272,0.760769,0.796928,0.791146,0.791229
0.761054,0.868097,0.733571,0.786305,0.828641,0.839169,0.848850,0.821121,0.755635,0.808267
0.777216,0.782218,0.821155,0.786600,0.805024,0.792133,0.787764,0.791173,0.735887,0.857222
0.746281,0.822814,0.834114,0.758392,0.865882,0.846963,0.830760,0.752472,0.836814,0.779323
0.859765,0.810576,0.808104,0.852471,0.783488,0.791628,0.795019,0.800996,0.837397,0.808249
0.765775,0.775867,0.779743,0.828751,0.816641,0.859339,0.779014,0.768689,0.845250,0.835419
0.829350,0.807646,0.794939,0.789003,0.793632,0.739309,0.792669,0.753675,0.832980,0.783096
0.754199,0.812987,0.769049,0.832906,0.781770,0.799034,0.790594,0.793330,0.738870,0.828426
0.777204,0.860627,0.835084,0.827550,0.744590,0.770996,0.787186,0.798405,0.772929,0.798050
0.739271,0.770725,0.854972,0.803515,0.802161,0.814288,0.792240,0.772490,0.766364,0.807353
0.802942,0.784889,0.779353,0.837461,0.813686,0.833109,0.760286,0.859795,0.748860,0.790033
0.817311,0.831271,0.764900,0.825219,0.789328,0.856607,0.757548,0.779877,0.806602,0.774018
0.790276,0.780405,0.847211,0.801088,0.834134,0.839971,0.763648,0.838217,0.817892,0.792198
0.802872,0.796837,0.752270,0.763260,0.769952,0.810900,0.817263,0.794325,0.841035,0.781004
0.786295,0.777721,0.781285,0.777984,0.782121,0.790637,0.770921,0.818043,0.772460,0.780756
0.772425,0.809230,0.750970,0.791252,0.749833,0.766331,0.814339,0.828544,0.723649,0.774078
0.790346,0.816934,0.854366,0.831078,0.850041,0.836360,0.863981,0.805942,0.813426,0.812045
0.834385,0.762903,0.782905,0.800813,0.803141,0.802575,0.811841,0.817080,0.767989,0.817023
0.815270,0.795894,0.818859,0.789965,0.794503,0.799719,0.815022,0.785149,0.791568,0.801004
0.759045,0.776967,0.805774,0.824015,0.840679,0.751719,0.810057,0.795426,0.787136,0.777189
0.833113,0.844321,0.793652,0.794865,0.766213,0.784341,0.736577,0.799940,0.837455,0.810713
0.807409,0.759014,0.780887,0.814750,0.833888,0.793615,0.793086,0.805335,0.799859,0.755300
0.804256,0.796473,0.790573,0.810213,0.783472,0.846447,0.824048,0.783942,0.783941,0.848901
0.181195,0.136030,0.142519,0.199863,0.139263,0.840018,0.874144,0.876674,0.834826,0.838434
0.144279,0.135173,0.192758,0.159639,0.135420,0.892501,0.883380,0.850335,0.836034,0.874147
0.166691,0.152947,0.103965,0.156590,0.124350,0.861705,0.869133,0.834604,0.853268,0.911915
0.164988,0.157443,0.154195,0.116920,0.148636,0.843560,0.781022,0.889154,0.849818,0.822733
0.099606,0.136225,0.132413,0.143633,0.124588,0.884298,0.874810,0.827336,0.893803,0.866241
0.156939,0.150298,0.155255,0.157372,0.154275,0.854621,0.819020,0.868959,0.847811,0.863520
0.128606,0.177870,0.093060,0.156376,0.195021,0.872346,0.822663,0.876046,0.875791,0.918088
0.161479,0.137461,0.142292,0.145822,0.132537,0.860560,0.887648,0.868990,0.842504,0.811096
0.219158,0.118109,0.171824,0.129616,0.218622,0.831843,0.827454,0.854825,0.855313,0.846784
0.129602,0.111194,0.133115,0.117897,0.117336,0.877182,0.830755,0.846491,0.845489,0.858587
0.175838,0.118530,0.083607,0.178593,0.152084,0.838617,0.912844,0.855558,0.849708,0.814101
0.153496,0.138786,0.141153,0.145736,0.181959,0.860148,0.833071,0.802050,0.836315,0.885585
0.178275,0.173379,0.138326,0.122758,0.154774,0.763298,0.865634,0.850616,0.831026,0.867140
0.151058,0.155285,0.168421,0.135824,0.127681,0.842767,0.852025,0.787902,0.843138,0.880153
0.092131,0.150722,0.169951,0.135263,0.144132,0.906540,0.794909,0.839773,0.859098,0.859443
0.110589,0.172839,0.159943,0.150569,0.147106,0.902590,0.811366,0.794364,0.862785,0.858104
0.131529,0.170418,0.087114,0.207186,0.119744,0.832992,0.878760,0.866131,0.818675,0.878777
0.157924,0.200721,0.115710,0.132284,0.156048,0.849258,0.863365,0.824305,0.882577,0.800399
0.177472,0.131663,0.187430,0.166332,0.183352,0.830753,0.817150,0.858689,0.917077,0.911129
0.104066,0.198593,0.161767,0.120796,0.171062,0.883276,0.884833,0.805799,0.865780,0.838996
0.152419,0.208045,0.219691,0.151997,0.164565,0.894987,0.830827,0.845577,0.882742,0.885076
0.109252,0.147875,0.162100,0.231932,0.159586,0.853243,0.824828,0.876972,0.818706,0.846064
0.111686,0.144962,0.163732,0.140485,0.176840,0.898130,0.831251,0.867917,0.849296,0.824797
0.173155,0.121310,0.123793,0.152750,0.226501,0.851499,0.882385,0.861330,0.857590,0.784322
0.189738,0.147832,0.201432,0.172651,0.103965,0.828830,0.806524,0.844974,0.873429,0.906338
0.124243,0.132194,0.155956,0.182882,0.136715,0.876686,0.831785,0.854456,0.825082,0.811445
0.206198,0.099887,0.180062,0.138920,0.176697,0.907934,0.871063,0.947323,0.903166,0.869288
0.152749,0.162764,0.153270,0.171901,0.164337,0.886509,0.829565,0.869841,0.831551,0.836536
0.159379,0.165916,0.207713,0.126411,0.162594,0.832549,0.873380,0.865716,0.801712,0.872296
0.096865,0.220835,0.111888,0.140339,0.175631,0.860599,0.827284,0.837029,0.830689,0.883799
0.163344,0.128706,0.177304,0.146380,0.185866,0.833065,0.830688,0.810711,0.846818,0.847468
0.121413,0.125384,0.101219,0.129703,0.143318,0.876941,0.855494,0.815131,0.828049,0.806262
0.232381,0.117149,0.119709,0.142479,0.123749,0.828466,0.881824,0.876685,0.860518,0.848993
0.102241,0.130881,0.175300,0.164734,0.184857,0.824493,0.847032,0.854311,0.870408,0.868877
0.193706,0.205946,0.188013,0.099110,0.137647,0.811725,0.859816,0.819129,0.840603,0.832544
0.151499,0.103359,0.131870,0.153943,0.136855,0.881319,0.844648,0.896167,0.872496,0.854720
0.147941,0.189304,0.138880,0.136081,0.132323,0.877839,0.849061,0.868215,0.882083,0.829514
0.173160,0.163473,0.174162,0.154549,0.161765,0.882899,0.830560,0.839053,0.886054,0.788469
0.161650,0.169437,0.118271,0.169745,0.168499,0.831599,0.842535,0.800382,0.862412,0.842067
0.190962,0.138048,0.092318,0.131046,0.118375,0.882939,0.841021,0.829042,0.831793,0.845493
0.197972,0.094714,0.206459,0.175024,0.141544,0.864995,0.833814,0.856066,0.874836,0.832393
0.142290,0.141725,0.190567,0.129913,0.126282,0.857932,0.811461,0.846801,0.806834,0.849566
0.181617,0.133211,0.187588,0.111463,0.164388,0.767906,0.865800,0.846098,0.872732,0.830009
0.158600,0.100095,0.152944,0.157023,0.121009,0.869155,0.846249,0.944378,0.881127,0.861061
0.094254,0.106019,0.186434,0.136119,0.124246,0.866348,0.885798,0.879410,0.827974,0.792875
0.130301,0.173205,0.199471,0.124761,0.119964,0.860317,0.869524,0.873575,0.800187,0.831909
0.119157,0.082282,0.169267,0.163642,0.091159,0.801542,0.887663,0.833495,0.831408,0.847169
0.150718,0.186038,0.166056,0.173889,0.105199,0.865115,0.913476,0.910804,0.847695,0.835294
0.179755,0.141364,0.255540,0.159738,0.123245,0.840331,0.820122,0.818565,0.850035,0.798846
0.186195,0.160980,0.159165,0.198942,0.144371,0.926958,0.844826,0.847230,0.824158,0.816177
0.108880,0.123367,0.144231,0.161110,0.143458,0.858654,0.815300,0.877306,0.867324,0.915349
0.125470,0.150274,0.133976,0.192157,0.128690,0.798101,0.926185,0.870127,0.795189,0.846824
0.141108,0.154094,0.041479,0.193155,0.167526,0.867905,0.857437,0.824385,0.941832,0.865279
0.136699,0.147192,0.196096,0.188644,0.129898,0.871280,0.908567,0.850314,0.816799,0.837556
0.160155,0.142480,0.124244,0.129631,0.192900,0.832946,0.867740,0.854722,0.793946,0.814971
0.115059,0.156406,0.187963,0.242324,0.175482,0.900978,0.880135,0.871060,0.864384,0.820907
0.072721,0.185981,0.191991,0.196632,0.193187,0.850045,0.843811,0.865585,0.850017,0.884799
0.182590,0.184210,0.168913,0.167054,0.178516,0.867295,0.851820,0.827754,0.901478,0.858592
0.202068,0.147334,0.197809,0.177904,0.178415,0.844467,0.862182,0.805486,0.799216,0.886248
0.132020,0.210534,0.153753,0.141885,0.150578,0.877476,0.764129,0.857486,0.816264,0.857108
0.155734,0.115063,0.138146,0.214049,0.144268,0.844628,0.856789,0.805600,0.835329,0.893036
0.168019,0.166582,0.167285,0.133061,0.199235,0.832541,0.882681,0.831693,0.831266,0.846553
0.113857,0.166035,0.140731,0.163215,0.157607,0.824079,0.823178,0.837711,0.865061,0.845399
0.166104,0.124623,0.188507,0.201877,0.163726,0.830321,0.862979,0.838262,0.878077,0.806234
0.160754,0.198023,0.126547,0.088528,0.167718,0.823919,0.844980,0.910758,0.847906,0.868288
0.212073,0.153118,0.139297,0.169461,0.132887,0.835598,0.830171,0.875807,0.870526,0.805783
0.178430,0.185905,0.103096,0.191934,0.139466,0.885538,0.844391,0.864245,0.824525,0.889546
0.151971,0.130924,0.173488,0.141795,0.114463,0.849699,0.837298,0.830271,0.854919,0.811058
0.123294,0.120837,0.148255,0.161211,0.163068,0.836670,0.840300,0.825547,0.867593,0.871373
0.151962,0.155304,0.173115,0.171931,0.138871,0.793130,0.827936,0.881646,0.842491,0.855532
0.160389,0.170324,0.148350,0.190734,0.199743,0.860849,0.882469,0.812532,0.873654,0.821095
0.152945,0.116408,0.142910,0.184164,0.180873,0.827543,0.849342,0.843476,0.872477,0.891814
0.170930,0.118441,0.134475,0.169691,0.157646,0.858064,0.837904,0.871450,0.838772,0.872271
0.145315,0.121336,0.152049,0.167149,0.148156,0.858085,0.821376,0.842001,0.869349,0.857739
0.139984,0.155736,0.090293,0.166021,0.204584,0.812485,0.890059,0.906722,0.820942,0.854926
0.168951,0.144538,0.131943,0.191347,0.117370,0.848028,0.781210,0.805574,0.818595,0.834390
0.173968,0.141552,0.099132,0.119427,0.185150,0.811476,0.843197,0.855299,0.894611,0.848121
0.128836,0.127401,0.135532,0.186917,0.129976,0.874533,0.848547,0.837094,0.859862,0.856075
0.149498,0.175809,0.136120,0.148435,0.057882,0.831880,0.878296,0.829951,0.873548,0.909897
0.121598,0.145404,0.137118,0.099420,0.174419,0.831690,0.926476,0.875741,0.836980,0.823508
0.141295,0.174434,0.161829,0.150090,0.086375,0.822840,0.871919,0.851477,0.843928,0.815660
0.127003,0.135737,0.192304,0.191653,0.174647,0.832307,0.877120,0.884390,0.803560,0.847878
0.130575,0.124298,0.129343,0.143219,0.165155,0.849671,0.902764,0.836201,0.844920,0.840132
0.102613,0.112503,0.173075,0.140910,0.113373,0.844704,0.880618,0.869989,0.812800,0.885002
0.195752,0.159816,0.167695,0.106806,0.152326,0.882228,0.830757,0.805781,0.826248,0.834477
0.157336,0.153758,0.113801,0.181654,0.230465,0.897476,0.859679,0.814972,0.815332,0.871191
0.154687,0.146880,0.148248,0.146669,0.148529,0.878649,0.902794,0.848377,0.850042,0.888598
0.130208,0.116272,0.164298,0.196023,0.158790,0.841640,0.844457,0.861287,0.859704,0.889908
0.143477,0.134557,0.080478,0.199579,0.139827,0.842319,0.885252,0.865486,0.861465,0.844730
0.158588,0.146935,0.178493,0.178679,0.122876,0.851944,0.859786,0.830783,0.846899,0.886018
0.140718,0.137229,0.149170,0.141811,0.143178,0.878605,0.821457,0.836776,0.932932,0.862076
0.109491,0.122102,0.134829,0.105812,0.144844,0.844106,0.880845,0.849996,0.828290,0.863778
0.143108,0.186243,0.125672,0.128262,0.129761,0.792314,0.805389,0.811357,0.810077,0.883080
0.100015,0.167464,0.161489,0.144015,0.179604,0.917829,0.901812,0.859109,0.833552,0.837382
0.112745,0.126999,0.138478,0.120019,0.108221,0.937320,0.872852,0.904648,0.832518,0.857684
0.110183,0.207879,0.178568,0.121025,0.108540,0.848937,0.904151,0.834695,0.796274,0.835290
0.162442,0.146678,0.118388,0.100844,0.081128,0.862800,0.884810,0.896080,0.872037,0.838853
0.149249,0.167252,0.167883,0.160191,0.113423,0.892575,0.835307,0.801945,0.877440,0.852288
0.093941,0.178470,0.169748,0.200717,0.183935,0.878181,0.864241,0.838159,0.851120,0.838545
0.120179,0.106769,0.175096,0.153658,0.140278,0.900764,0.877179,0.874114,0.824692,0.853943
0.104788,0.208663,0.111240,0.217050,0.151154,0.838347,0.857988,0.790471,0.875312,0.834467
0.139310,0.212839,0.172672,0.130174,0.150929,0.795735,0.821377,0.856941,0.845205,0.908061
0.152782,0.160334,0.144602,0.082891,0.156773,0.802536,0.844677,0.813512,0.872999,0.819266
0.147085,0.133240,0.189756,0.148076,0.153855,0.877899,0.798071,0.872791,0.858567,0.841854
0.140953,0.121642,0.179572,0.222523,0.165648,0.832902,0.852017,0.869805,0.857465,0.867345
0.175941,0.186002,0.209509,0.146714,0.140020,0.807909,0.848971,0.844718,0.894152,0.804544
0.080903,0.130176,0.129955,0.187274,0.115246,0.922671,0.837948,0.866347,0.805362,0.811927
0.151285,0.151678,0.123599,0.115779,0.183236,0.849942,0.832465,0.862081,0.915999,0.869909
0.143081,0.146824,0.185236,0.187447,0.188942,0.856398,0.834226,0.905509,0.849676,0.839717
0.135777,0.192476,0.147561,0.171278,0.217306,0.827300,0.822299,0.881656,0.785872,0.858205
0.197158,0.139775,0.163878,0.126089,0.121999,0.811087,0.824465,0.873951,0.849892,0.869517
0.118156,0.119629,0.139872,0.202669,0.122735,0.845758,0.795157,0.853395,0.850518,0.834295
0.146517,0.118191,0.125779,0.122624,0.134038,0.852551,0.823926,0.851623,0.784436,0.833839
0.155828,0.192720,0.184491,0.122507,0.153403,0.880206,0.841268,0.866301,0.837095,0.922503
0.119113,0.156809,0.110005,0.149033,0.154502,0.939979,0.856164,0.837005,0.893387,0.849091
0.167392,0.157930,0.129470,0.159255,0.164173,0.866053,0.812603,0.837000,0.860323,0.841130
0.203165,0.117171,0.135970,0.167918,0.156333,0.826025,0.775653,0.911441,0.864046,0.903788
0.154175,0.143649,0.096630,0.155064,0.138968,0.884086,0.874660,0.870725,0.900812,0.875207
0.115989,0.155716,0.132886,0.119771,0.157305,0.843082,0.853885,0.897362,0.814704,0.904398
0.126377,0.118974,0.173649,0.213981,0.153091,0.878520,0.829106,0.886127,0.817264,0.817413
0.092796,0.157413,0.127137,0.133996,0.159519,0.860902,0.864974,0.893713,0.921016,0.851541
0.132574,0.149882,0.099150,0.140896,0.116512,0.855574,0.876841,0.833468,0.843233,0.846088
0.166346,0.142956,0.123949,0.183389,0.153344,0.875202,0.861393,0.827300,0.872245,0.771421
0.168221,0.117722,0.133094,0.171015,0.152666,0.890581,0.827721,0.858484,0.862731,0.875046
0.199820,0.132572,0.078464,0.159131,0.144798,0.837224,0.856452,0.830153,0.882976,0.855898
0.180237,0.203368,0.144273,0.143292,0.168214,0.869055,0.798382,0.862976,0.850157,0.821439
0.139979,0.158029,0.127396,0.198896,0.126305,0.826989,0.841000,0.867399,0.802945,0.843596
0.155371,0.196713,0.131993,0.137504,0.152012,0.828399,0.857032,0.875387,0.809035,0.814867
0.134414,0.161054,0.115042,0.129091,0.171794,0.882223,0.818878,0.852371,0.793074,0.906036
0.139724,0.100126,0.119103,0.108275,0.178620,0.838379,0.873307,0.879688,0.846514,0.883252
0.128817,0.145852,0.124100,0.096315,0.145438,0.834695,0.844258,0.901623,0.847039,0.864032
0.164557,0.089962,0.186879,0.177197,0.112950,0.820087,0.845265,0.843202,0.844141,0.897463
0.120760,0.160363,0.154736,0.148556,0.120221,0.902411,0.886092,0.877793,0.796479,0.820435
0.142120,0.167678,0.146008,0.138360,0.136002,0.825674,0.865908,0.861654,0.849884,0.824400
0.161324,0.137842,0.135563,0.180081,0.139199,0.901606,0.779844,0.872411,0.871648,0.814815
0.143078,0.154601,0.166800,0.185570,0.133190,0.830134,0.859217,0.854210,0.866864,0.844070
0.083435,0.119939,0.144932,0.196426,0.191826,0.853931,0.861181,0.881034,0.809760,0.863773
0.125228,0.180083,0.165686,0.163271,0.151073,0.799129,0.852104,0.850083,0.888586,0.849743
0.165975,0.183415,0.090241,0.110082,0.164773,0.865326,0.896927,0.856361,0.847702,0.801362
0.171962,0.185710,0.137025,0.201468,0.089513,0.851768,0.834721,0.875347,0.831771,0.855951
0.215113,0.142589,0.131683,0.164517,0.111935,0.864729,0.852994,0.893252,0.869109,0.865290
0.116251,0.149718,0.175792,0.168745,0.171074,0.865579,0.870675,0.841013,0.864437,0.807982
0.123078,0.165004,0.163808,0.118078,0.083720,0.864542,0.848784,0.796485,0.835712,0.781917
0.149139,0.136331,0.179849,0.141083,0.175419,0.887223,0.798288,0.839838,0.852000,0.883364
0.173595,0.165255,0.215689,0.151772,0.115216,0.914116,0.843957,0.793842,0.836363,0.818219
0.133854,0.122101,0.178560,0.131257,0.100865,0.855214,0.872139,0.832503,0.870550,0.848861
0.129190,0.147502,0.181770,0.156137,0.129534,0.868657,0.882132,0.871285,0.821705,0.834830
0.164973,0.149418,0.181987,0.166916,0.082917,0.860736,0.781896,0.834971,0.852010,0.797908
0.143610,0.177281,0.076421,0.139462,0.154867,0.838288,0.847946,0.838702,0.836355,0.855427
0.213749,0.160423,0.154520,0.143514,0.035295,0.869324,0.834765,0.840633,0.873200,0.886893
0.112913,0.160360,0.160765,0.148774,0.219535,0.810558,0.882780,0.866360,0.811425,0.882389
0.139892,0.080819,0.109452,0.121363,0.128149,0.846201,0.859065,0.840569,0.847882,0.830479
0.099624,0.158428,0.148193,0.152381,0.154709,0.850460,0.814340,0.886039,0.847949,0.849600
0.181388,0.242494,0.152767,0.112008,0.122629,0.874334,0.811659,0.816343,0.850727,0.824258
0.136035,0.146922,0.169170,0.136574,0.178982,0.865692,0.833883,0.860056,0.841500,0.862481
0.165256,0.144557,0.191177,0.158966,0.135121,0.821142,0.842227,0.860585,0.876813,0.887233
0.165544,0.162143,0.125766,0.090397,0.220235,0.839827,0.873357,0.809135,0.857742,0.809070
0.171558,0.114432,0.155873,0.053207,0.216341,0.866971,0.841988,0.881538,0.783717,0.835076
0.160802,0.177610,0.202244,0.153617,0.173955,0.883633,0.829917,0.838469,0.827345,0.804046
0.144840,0.190705,0.153324,0.127684,0.133553,0.829328,0.873568,0.848279,0.822414,0.817277
0.134460,0.097578,0.103571,0.192431,0.130978,0.816420,0.864054,0.884580,0.874757,0.936656
0.182783,0.137805,0.151008,0.126448,0.170401,0.865521,0.854041,0.836424,0.872495,0.880447
0.174577,0.154396,0.160409,0.109993,0.124887,0.838793,0.880693,0.801314,0.841553,0.811721
0.146152,0.142217,0.170912,0.169492,0.156232,0.820332,0.894144,0.790663,0.888610,0.841599
0.164224,0.161219,0.148841,0.126311,0.159109,0.867597,0.854545,0.872343,0.834222,0.883713
0.205581,0.192727,0.161186,0.110402,0.129611,0.851105,0.833425,0.874487,0.864334,0.846235
0.123630,0.140476,0.164209,0.144591,0.155313,0.883293,0.837784,0.805406,0.816796,0.867670
0.129687,0.139098,0.176714,0.168223,0.113895,0.809818,0.832085,0.915321,0.890383,0.899547
0.162728,0.080432,0.114446,0.104035,0.130698,0.862838,0.887275,0.868231,0.854034,0.912361
0.156094,0.153828,0.161316,0.169762,0.115005,0.802929,0.805237,0.823505,0.822245,0.850302
0.134898,0.161221,0.165636,0.158940,0.174288,0.870352,0.861218,0.879247,0.876215,0.833628
0.151733,0.156124,0.183983,0.181610,0.138012,0.867403,0.823544,0.824545,0.865137,0.836508
0.134660,0.078522,0.123998,0.145852,0.191461,0.854786,0.782098,0.835896,0.814001,0.836319
0.173519,0.138058,0.119271,0.147675,0.146296,0.827919,0.825904,0.874145,0.800614,0.833031
0.200232,0.147773,0.136521,0.147939,0.142786,0.867458,0.863233,0.761006,0.850970,0.829402
0.185644,0.200222,0.109346,0.103957,0.133648,0.863412,0.811784,0.851362,0.823600,0.895468
0.155760,0.098833,0.124738,0.136956,0.137664,0.915266,0.803347,0.831898,0.854981,0.917044
0.193457,0.168038,0.144282,0.152755,0.148393,0.852569,0.866941,0.802279,0.857500,0.893605
0.100910,0.127362,0.138937,0.124519,0.191628,0.914211,0.836750,0.800597,0.860782,0.808914
0.159455,0.153486,0.171644,0.114475,0.160042,0.904597,0.826543,0.845526,0.851126,0.872344
0.164252,0.112961,0.167258,0.165687,0.170611,0.829248,0.896035,0.810655,0.917644,0.826587
0.145337,0.161007,0.185156,0.128221,0.175907,0.829852,0.856938,0.842161,0.867989,0.843442
0.174340,0.139558,0.154785,0.174705,0.169038,0.862425,0.884379,0.843009,0.816559,0.819630
0.193168,0.152918,0.162218,0.179204,0.200611,0.865589,0.827175,0.859880,0.857982,0.830557
0.135115,0.151327,0.119787,0.179355,0.124647,0.851235,0.857255,0.865001,0.865921,0.795196
0.188192,0.150802,0.147871,0.141665,0.152699,0.821473,0.797161,0.885007,0.875072,0.878803
0.185628,0.199888,0.191598,0.100214,0.151720,0.888541,0.881186,0.858875,0.813011,0.875108
0.176044,0.197961,0.148763,0.155524,0.167295,0.885591,0.803172,0.926119,0.815985,0.864774
0.157799,0.180758,0.121927,0.154663,0.102213,0.808872,0.900347,0.883467,0.896600,0.840283
0.157493,0.151319,0.121537,0.190135,0.179738,0.856156,0.868899,0.822894,0.854074,0.860769
0.949035,0.425086,0.423599,0.420571,0.544186,0.131684,0.216826,0.199190,0.783280,0.595146
0.622332,0.525863,0.176114,0.953124,0.158617,0.871946,0.797290,0.056427,0.373576,0.697875
0.179215,0.065098,0.099421,0.977046,0.204504,0.099943,0.743252,0.839474,0.042859,0.334918
0.963358,0.162037,0.350915,0.828616,0.556065,0.777958,0.136584,0.562589,0.428623,0.873576
0.191539,0.199375,0.902590,0.822140,0.701967,0.957043,0.017326,0.202264,0.449034,0.908960
0.889986,0.995805,0.495589,0.364792,0.051423,0.263758,0.982531,0.404902,0.187619,0.319832
0.418680,0.749029,0.922783,0.214247,0.850042,0.653121,0.011464,0.669926,0.450785,0.335247
0.504248,0.890673,0.540107,0.573065,0.506506,0.845817,0.642837,0.168243,0.660138,0.945965
0.841854,0.044223,0.255434,0.081235,0.309961,0.510820,0.344817,0.341043,0.911208,0.675752
0.357725,0.280384,0.412269,0.003019,0.748064,0.718927,0.009995,0.990073,0.164285,0.133315
0.629287,0.430571,0.605878,0.998268,0.894445,0.935834,0.566841,0.896539,0.125883,0.711332
0.353358,0.894656,0.482667,0.177050,0.672504,0.779169,0.495655,0.467010,0.044278,0.183704
0.515211,0.146016,0.085667,0.801312,0.652215,0.779048,0.462090,0.345828,0.335386,0.826676
0.940078,0.885836,0.247813,0.987605,0.670605,0.850431,0.199785,0.792792,0.454679,0.782337
0.736136,0.236101,0.147601,0.729390,0.864991,0.897646,0.731612,0.205076,0.708682,0.815729
0.962141,0.697177,0.450211,0.695822,0.672103,0.039538,0.518622,0.477434,0.235073,0.873810
0.125659,0.957030,0.807924,0.777204,0.473033,0.266030,0.169782,0.523816,0.769838,0.660427
0.796788,0.620634,0.000946,0.900451,0.878819,0.308443,0.999172,0.090656,0.649863,0.241577
0.180890,0.222214,0.756731,0.379234,0.791728,0.576395,0.462925,0.384300,0.927490,0.317310
0.027714,0.790272,0.098697,0.797493,0.467840,0.985437,0.234950,0.809269,0.377912,0.562272
